rating	id	slug
1358.4	746	min-cost-climbing-stairs
1188.6	747	largest-number-at-least-twice-of-others
1372.7	748	shortest-completing-word
2277.0	749	contain-virus
1651.6	750	number-of-corner-rectangles
2025.0	751	ip-to-cidr
1877.6	752	open-the-lock
2273.8	753	cracking-the-safe
1880.3	754	reach-a-number
1832.2	755	pour-water
1990.3	756	pyramid-transition-matrix
2378.6	757	set-intersection-size-at-least-two
1547.0	758	bold-words-in-string
1710.1	759	employee-free-time
1172.5	760	find-anagram-mappings
2292.1	761	special-binary-string
1383.4	762	prime-number-of-set-bits-in-binary-representation
1443.1	763	partition-labels
1753.5	764	largest-plus-sign
1999.1	765	couples-holding-hands
1249.4	766	toeplitz-matrix
1681.3	767	reorganize-string
1787.6	768	max-chunks-to-make-sorted-ii
1566.3	769	max-chunks-to-make-sorted
2863.1	770	basic-calculator-iv
1164.8	771	jewels-and-stones
1815.1	773	sliding-puzzle
2084.2	774	minimize-max-distance-to-gas-station
1516.8	775	global-and-local-inversions
1809.6	776	split-bst
1938.7	777	swap-adjacent-in-lr-string
2096.6	778	swim-in-rising-water
1571.2	779	k-th-symbol-in-grammar
1897.3	780	reaching-points
1453.2	781	rabbits-in-forest
2429.7	782	transform-to-chessboard
1303.3	783	minimum-distance-between-bst-nodes
1341.5	784	letter-case-permutation
1625.0	785	is-graph-bipartite
2168.8	786	k-th-smallest-prime-fraction
1786.5	787	cheapest-flights-within-k-stops
1396.8	788	rotated-digits
1611.8	789	escape-the-ghosts
1830.1	790	domino-and-tromino-tiling
1423.6	791	custom-sort-string
1695.3	792	number-of-matching-subsequences
2100.3	793	preimage-size-of-factorial-zeroes-function
1544.6	794	valid-tic-tac-toe-state
1817.1	795	number-of-subarrays-with-bounded-maximum
1167.1	796	rotate-string
1382.5	797	all-paths-from-source-to-target
2129.7	798	smallest-rotation-with-highest-score
1855.6	799	champagne-tower
1563.9	800	similar-rgb-color
2066.1	801	minimum-swaps-to-make-sequences-increasing
1962.3	802	find-eventual-safe-states
2765.3	803	bricks-falling-when-hit
1307.6	804	unique-morse-code-words
1982.5	805	split-array-with-same-average
1301.4	806	number-of-lines-to-write-string
1376.3	807	max-increase-to-keep-city-skyline
2396.6	808	soup-servings
1605.0	809	expressive-words
2341.5	810	chalkboard-xor-game
1377.6	811	subdomain-visit-count
1542.6	812	largest-triangle-area
1936.7	813	largest-sum-of-averages
1380.2	814	binary-tree-pruning
1964.4	815	bus-routes
1707.9	816	ambiguous-coordinates
1428.7	817	linked-list-components
2391.8	818	race-car
1297.5	819	most-common-word
1632.0	820	short-encoding-of-words
1266.3	821	shortest-distance-to-a-character
1594.3	822	card-flipping-game
1899.6	823	binary-trees-with-factors
1271.7	824	goat-latin
1697.0	825	friends-of-appropriate-ages
1708.8	826	most-profit-assigning-work
1934.0	827	making-a-large-island
2034.4	828	count-unique-characters-of-all-substrings-of-a-given-string
1694.4	829	consecutive-numbers-sum
1251.8	830	positions-of-large-groups
1450.6	831	masking-personal-information
1243.1	832	flipping-an-image
1461.0	833	find-and-replace-in-string
2197.1	834	sum-of-distances-in-tree
1970.0	835	image-overlap
1442.9	836	rectangle-overlap
2350.0	837	new-21-game
1638.1	838	push-dominoes
2053.7	839	similar-string-groups
1426.0	840	magic-squares-in-grid
1412.3	841	keys-and-rooms
1779.9	842	split-array-into-fibonacci-sequence
2077.5	843	guess-the-word
1227.8	844	backspace-string-compare
1436.5	845	longest-mountain-in-array
1565.2	846	hand-of-straights
2200.7	847	shortest-path-visiting-all-nodes
1352.7	848	shifting-letters
1382.7	849	maximize-distance-to-closest-person
2236.0	850	rectangle-area-ii
1783.2	851	loud-and-rich
1181.6	852	peak-index-in-a-mountain-array
1678.1	853	car-fleet
2377.4	854	k-similar-strings
2067.1	855	exam-room
1562.7	856	score-of-parentheses
2259.7	857	minimum-cost-to-hire-k-workers
1880.7	858	mirror-reflection
1341.3	859	buddy-strings
1285.7	860	lemonade-change
1818.0	861	score-after-flipping-matrix
2306.8	862	shortest-subarray-with-sum-at-least-k
1663.2	863	all-nodes-distance-k-in-binary-tree
2258.6	864	shortest-path-to-get-all-keys
1534.3	865	smallest-subtree-with-all-the-deepest-nodes
1938.2	866	prime-palindrome
1258.8	867	transpose-matrix
1307.3	868	binary-gap
1504.8	869	reordered-power-of-2
1648.3	870	advantage-shuffle
2074.4	871	minimum-number-of-refueling-stops
1287.9	872	leaf-similar-trees
1911.2	873	length-of-longest-fibonacci-subsequence
1846.4	874	walking-robot-simulation
1765.6	875	koko-eating-bananas
1231.6	876	middle-of-the-linked-list
1590.0	877	stone-game
1896.8	878	nth-magical-number
2204.4	879	profitable-schemes
2010.6	880	decoded-string-at-index
1529.8	881	boats-to-save-people
2328.4	882	reachable-nodes-in-subdivided-graph
1425.4	883	projection-area-of-3d-shapes
1259.4	884	uncommon-words-from-two-sentences
1678.4	885	spiral-matrix-iii
1794.6	886	possible-bipartition
2376.9	887	super-egg-drop
1334.1	888	fair-candy-swap
1731.6	889	construct-binary-tree-from-preorder-and-postorder-traversal
1414.5	890	find-and-replace-pattern
2182.6	891	sum-of-subsequence-widths
1507.9	892	surface-area-of-3d-shapes
1590.1	893	groups-of-special-equivalent-strings
1784.3	894	all-possible-full-binary-trees
2027.9	895	maximum-frequency-stack
1258.7	896	monotonic-array
1473.3	897	increasing-order-search-tree
2133.1	898	bitwise-ors-of-subarrays
2096.6	899	orderly-queue
1532.3	900	rle-iterator
1708.9	901	online-stock-span
1989.5	902	numbers-at-most-n-given-digit-set
2433.4	903	valid-permutations-for-di-sequence
1516.4	904	fruit-into-baskets
1178.5	905	sort-array-by-parity
2140.0	906	super-palindromes
1975.6	907	sum-of-subarray-minimums
1298.6	908	smallest-range-i
2019.5	909	snakes-and-ladders
2134.5	910	smallest-range-ii
2000.8	911	online-election
2566.6	913	cat-and-mouse
1370.6	914	x-of-a-kind-in-a-deck-of-cards
1500.8	915	partition-array-into-disjoint-intervals
1624.5	916	word-subsets
1228.6	917	reverse-only-letters
1777.4	918	maximum-sum-circular-subarray
1690.9	919	complete-binary-tree-inserter
2399.6	920	number-of-music-playlists
1242.5	921	minimum-add-to-make-parentheses-valid
1173.5	922	sort-array-by-parity-ii
1710.9	923	3sum-with-multiplicity
1868.9	924	minimize-malware-spread
1271.3	925	long-pressed-name
1601.5	926	flip-string-to-monotone-increasing
1994.4	927	three-equal-parts
1985.3	928	minimize-malware-spread-ii
1199.3	929	unique-email-addresses
1591.5	930	binary-subarrays-with-sum
1573.3	931	minimum-falling-path-sum
2294.1	932	beautiful-array
1337.8	933	number-of-recent-calls
1825.8	934	shortest-bridge
1690.2	935	knight-dialer
2583.4	936	stamping-the-sequence
1387.4	937	reorder-data-in-log-files
1335.0	938	range-sum-of-bst
1752.3	939	minimum-area-rectangle
1985.2	940	distinct-subsequences-ii
1208.0	941	valid-mountain-array
1444.2	942	di-string-match
2185.5	943	find-the-shortest-superstring
1396.5	944	delete-columns-to-make-sorted
1448.1	945	minimum-increment-to-make-array-unique
1461.9	946	validate-stack-sequences
2034.7	947	most-stones-removed-with-same-row-or-column
1762.3	948	bag-of-tokens
1495.3	949	largest-time-for-given-digits
1686.4	950	reveal-cards-in-increasing-order
1477.5	951	flip-equivalent-binary-trees
2272.1	952	largest-component-size-by-common-factor
1299.6	953	verifying-an-alien-dictionary
1547.6	954	array-of-doubled-pairs
1876.4	955	delete-columns-to-make-sorted-ii
2381.5	956	tallest-billboard
1392.1	957	prison-cells-after-n-days
1702.8	958	check-completeness-of-a-binary-tree
2135.6	959	regions-cut-by-slashes
2246.9	960	delete-columns-to-make-sorted-iii
1161.6	961	n-repeated-element-in-size-2n-array
1607.8	962	maximum-width-ramp
1990.8	963	minimum-area-rectangle-ii
2594.1	964	least-operators-to-express-number
1177.6	965	univalued-binary-tree
1795.0	966	vowel-spellchecker
1433.0	967	numbers-with-same-consecutive-differences
2124.1	968	binary-tree-cameras
1590.6	969	pancake-sorting
1338.8	970	powerful-integers
1786.5	971	flip-binary-tree-to-match-preorder-traversal
2121.3	972	equal-rational-numbers
1213.8	973	k-closest-points-to-origin
1676.0	974	subarray-sums-divisible-by-k
2079.2	975	odd-even-jump
1340.6	976	largest-perimeter-triangle
1129.9	977	squares-of-a-sorted-array
1393.4	978	longest-turbulent-subarray
1709.1	979	distribute-coins-in-binary-tree
1830.3	980	unique-paths-iii
1574.8	981	time-based-key-value-store
2085.0	982	triples-with-bitwise-and-equal-to-zero
1786.3	983	minimum-cost-for-tickets
1474.0	984	string-without-aaa-or-bbb
1198.4	985	sum-of-even-numbers-after-queries
1541.7	986	interval-list-intersections
1676.0	987	vertical-order-traversal-of-a-binary-tree
1429.2	988	smallest-string-starting-from-leaf
1234.8	989	add-to-array-form-of-integer
1638.0	990	satisfiability-of-equality-equations
1909.4	991	broken-calculator
2210.4	992	subarrays-with-k-different-integers
1287.9	993	cousins-in-binary-tree
1432.9	994	rotting-oranges
1835.5	995	minimum-number-of-k-consecutive-bit-flips
1932.4	996	number-of-squareful-arrays
1201.6	997	find-the-town-judge
1497.9	998	maximum-binary-tree-ii
1318.0	999	available-captures-for-rook
2422.5	1000	minimum-cost-to-merge-stones
1873.0	1001	grid-illumination
1279.8	1002	find-common-characters
1426.7	1003	check-if-word-is-valid-after-substitutions
1655.6	1004	max-consecutive-ones-iii
1274.7	1005	maximize-sum-of-array-after-k-negations
1408.0	1006	clumsy-factorial
1541.3	1007	minimum-domino-rotations-for-equal-row
1563.0	1008	construct-binary-search-tree-from-preorder-traversal
1234.7	1009	complement-of-base-10-integer
1377.2	1010	pairs-of-songs-with-total-durations-divisible-by-60
1725.4	1011	capacity-to-ship-packages-within-d-days
2230.2	1012	numbers-with-repeated-digits
1378.8	1013	partition-array-into-three-parts-with-equal-sum
1730.3	1014	best-sightseeing-pair
1874.6	1015	smallest-integer-divisible-by-k
1779.4	1016	binary-string-with-substrings-representing-1-to-n
1697.9	1017	convert-to-base-2
1376.5	1018	binary-prefix-divisible-by-5
1570.8	1019	next-greater-node-in-linked-list
1615.5	1020	number-of-enclaves
1311.3	1021	remove-outermost-parentheses
1462.4	1022	sum-of-root-to-leaf-binary-numbers
1537.1	1023	camelcase-matching
1746.1	1024	video-stitching
1435.4	1025	divisor-game
1446.4	1026	maximum-difference-between-node-and-ancestor
1758.8	1027	longest-arithmetic-subsequence
1797.5	1028	recover-a-tree-from-preorder-traversal
1348.0	1029	two-city-scheduling
1585.6	1030	matrix-cells-in-distance-order
1680.5	1031	maximum-sum-of-two-non-overlapping-subarrays
1970.5	1032	stream-of-characters
1421.3	1033	moving-stones-until-consecutive
1578.9	1034	coloring-a-border
1805.6	1035	uncrossed-lines
2164.8	1036	escape-a-large-maze
1255.9	1037	valid-boomerang
1374.7	1038	binary-search-tree-to-greater-sum-tree
2130.1	1039	minimum-score-triangulation-of-polygon
2455.8	1040	moving-stones-until-consecutive-ii
1521.2	1041	robot-bounded-in-circle
1712.4	1042	flower-planting-with-no-adjacent
1916.1	1043	partition-array-for-maximum-sum
2428.8	1044	longest-duplicate-substring
1172.7	1046	last-stone-weight
1286.3	1047	remove-all-adjacent-duplicates-in-string
1599.3	1048	longest-string-chain
2092.5	1049	last-stone-weight-ii
1303.0	1051	height-checker
1418.1	1052	grumpy-bookstore-owner
1633.2	1053	previous-permutation-with-one-swap
1701.6	1054	distant-barcodes
1308.0	1064	fixed-point
1389.3	1065	index-pairs-of-a-string
1885.1	1066	campus-bikes-ii
2025.2	1067	digit-count-in-range
1397.9	1071	greatest-common-divisor-of-strings
1797.6	1072	flip-columns-for-maximum-number-of-equal-rows
1806.6	1073	adding-two-negabinary-numbers
2189.4	1074	number-of-submatrices-that-sum-to-target
1274.8	1078	occurrences-after-bigram
1740.5	1079	letter-tile-possibilities
1804.6	1080	insufficient-nodes-in-root-to-leaf-paths
2184.5	1081	smallest-subsequence-of-distinct-characters
1256.5	1085	sum-of-digits-in-the-minimum-number
1327.0	1086	high-five
1480.1	1087	brace-expansion
2076.9	1088	confusing-number-ii
1262.6	1089	duplicate-zeros
1501.1	1090	largest-values-from-labels
1658.3	1091	shortest-path-in-binary-matrix
1976.7	1092	shortest-common-supersequence
1471.6	1093	statistics-from-a-large-sample
1441.4	1094	car-pooling
1827.1	1095	find-in-mountain-array
2348.5	1096	brace-expansion-ii
1245.3	1099	two-sum-less-than-k
1348.7	1100	find-k-length-substrings-with-no-repeated-characters
1558.5	1101	the-earliest-moment-when-everyone-become-friends
2011.4	1102	path-with-maximum-minimum-value
1287.1	1103	distribute-candies-to-people
1544.8	1104	path-in-zigzag-labelled-binary-tree
2014.3	1105	filling-bookcase-shelves
1880.4	1106	parsing-a-boolean-expression
1084.1	1108	defanging-an-ip-address
1569.8	1109	corporate-flight-bookings
1511.4	1110	delete-nodes-and-return-forest
1749.5	1111	maximum-nesting-depth-of-two-valid-parentheses-strings
1227.3	1118	number-of-days-in-a-month
1232.8	1119	remove-vowels-from-a-string
1361.9	1120	maximum-average-subtree
1664.8	1121	divide-array-into-increasing-sequences
1188.6	1122	relative-sort-array
1607.0	1123	lowest-common-ancestor-of-deepest-leaves
1908.4	1124	longest-well-performing-interval
2250.9	1125	smallest-sufficient-team
1332.6	1128	number-of-equivalent-domino-pairs
1779.8	1129	shortest-path-with-alternating-colors
1919.2	1130	minimum-cost-tree-from-leaf-values
2059.4	1131	maximum-of-absolute-value-expression
1226.3	1133	largest-unique-number
1231.4	1134	armstrong-number
1753.0	1135	connecting-cities-with-minimum-cost
1710.1	1136	parallel-courses
1142.9	1137	n-th-tribonacci-number
1410.5	1138	alphabet-board-path
1744.0	1139	largest-1-bordered-square
2035.0	1140	stone-game-ii
1558.7	1144	decrease-elements-to-make-array-zigzag
1741.5	1145	binary-tree-coloring-game
1770.9	1146	snapshot-array
1912.1	1147	longest-chunked-palindrome-decomposition
1250.0	1150	check-if-a-number-is-majority-element-in-a-sorted-array
1508.1	1151	minimum-swaps-to-group-all-1s-together
1850.8	1152	analyze-user-website-visit-pattern
1949.1	1153	string-transforms-into-another-string
1199.4	1154	day-of-the-year
1653.7	1155	number-of-dice-rolls-with-target-sum
1787.5	1156	swap-for-longest-repeated-character-substring
2205.4	1157	online-majority-element-in-subarray
1205.7	1160	find-words-that-can-be-formed-by-characters
1249.9	1161	maximum-level-sum-of-a-binary-tree
1666.3	1162	as-far-from-land-as-possible
1864.1	1163	last-substring-in-lexicographical-order
1199.2	1165	single-row-keyboard
1479.0	1166	design-file-system
1481.6	1167	minimum-cost-to-connect-sticks
2069.4	1168	optimize-water-distribution-in-a-village
1658.7	1169	invalid-transactions
1431.7	1170	compare-strings-by-frequency-of-the-smallest-character
1782.3	1171	remove-zero-sum-consecutive-nodes-from-linked-list
2110.0	1172	dinner-plate-stacks
1489.0	1175	prime-arrangements
1397.8	1176	diet-plan-performance
1848.1	1177	can-make-palindrome-from-substring
2234.0	1178	number-of-valid-words-for-each-puzzle
1315.4	1180	count-substrings-with-only-one-distinct-letter
1558.7	1181	before-and-after-puzzle
1626.7	1182	shortest-distance-to-target-color
2366.7	1183	maximum-number-of-ones
1234.4	1184	distance-between-bus-stops
1382.5	1185	day-of-the-week
1799.5	1186	maximum-subarray-sum-with-one-deletion
2315.6	1187	make-array-strictly-increasing
1182.0	1189	maximum-number-of-balloons
1485.7	1190	reverse-substrings-between-each-pair-of-parentheses
1747.7	1191	k-concatenation-maximum-sum
2084.7	1192	critical-connections-in-a-network
1248.8	1196	how-many-apples-can-you-put-into-the-basket
1722.3	1197	minimum-knight-moves
1401.2	1198	find-smallest-common-element-in-all-rows
2250.3	1199	minimum-time-to-build-blocks
1198.6	1200	minimum-absolute-difference
2039.1	1201	ugly-number-iii
1855.4	1202	smallest-string-with-swaps
2418.6	1203	sort-items-by-groups-respecting-dependencies
1195.8	1207	unique-number-of-occurrences
1496.9	1208	get-equal-substrings-within-budget
1541.5	1209	remove-all-adjacent-duplicates-in-string-ii
2022.5	1210	minimum-moves-to-reach-target-with-rotations
1259.2	1213	intersection-of-three-sorted-arrays
1389.0	1214	two-sum-bsts
1674.5	1215	stepping-numbers
1753.9	1216	valid-palindrome-iii
1407.5	1217	minimum-cost-to-move-chips-to-the-same-position
1597.2	1218	longest-arithmetic-subsequence-of-given-difference
1663.3	1219	path-with-maximum-gold
1729.6	1220	count-vowels-permutation
1219.5	1221	split-a-string-in-balanced-strings
1391.7	1222	queens-that-can-attack-the-king
2008.4	1223	dice-roll-simulation
2050.7	1224	maximum-equal-frequency
1244.3	1228	missing-number-in-arithmetic-progression
1541.2	1229	meeting-scheduler
1808.6	1230	toss-strange-coins
2029.1	1231	divide-chocolate
1247.3	1232	check-if-it-is-a-straight-line
1544.8	1233	remove-sub-folders-from-the-filesystem
1877.9	1234	replace-the-substring-for-balanced-string
2022.9	1235	maximum-profit-in-job-scheduling
1404.7	1237	find-positive-integer-solution-for-a-given-equation
1774.9	1238	circular-permutation-in-binary-representation
1719.9	1239	maximum-length-of-a-concatenated-string-with-unique-characters
2241.5	1240	tiling-a-rectangle-with-the-fewest-squares
1558.1	1243	array-transformation
1354.1	1244	design-a-leaderboard
1792.1	1245	tree-diameter
2203.2	1246	palindrome-removal
1597.0	1247	minimum-swaps-to-make-strings-equal
1623.9	1248	count-number-of-nice-subarrays
1657.1	1249	minimum-remove-to-make-valid-parentheses
1983.2	1250	check-if-it-is-a-good-array
1283.5	1252	cells-with-odd-values-in-a-matrix
1505.9	1253	reconstruct-a-2-row-binary-matrix
1658.7	1254	number-of-closed-islands
1881.7	1255	maximum-score-words-formed-by-letters
1561.3	1256	encode-number
1654.1	1257	smallest-common-region
1847.2	1258	synonymous-sentences
1951.4	1259	handshakes-that-dont-cross
1337.4	1260	shift-2d-grid
1439.6	1261	find-elements-in-a-contaminated-binary-tree
1762.0	1262	greatest-sum-divisible-by-three
2297.1	1263	minimum-moves-to-move-a-box-to-their-target-location
1302.7	1266	minimum-time-visiting-all-points
1374.6	1267	count-servers-that-communicate
1573.4	1268	search-suggestions-system
1854.0	1269	number-of-ways-to-stay-in-the-same-place-after-some-steps
1384.4	1271	hexspeak
1524.8	1272	remove-interval
1732.8	1273	delete-tree-nodes
1997.2	1274	number-of-ships-in-a-rectangle
1336.9	1275	find-winner-on-a-tic-tac-toe-game
1386.3	1276	number-of-burgers-with-no-waste-of-ingredients
1613.0	1277	count-square-submatrices-with-all-ones
1979.1	1278	palindrome-partitioning-iii
1141.2	1281	subtract-the-product-and-sum-of-digits-of-an-integer
1267.2	1282	group-the-people-given-the-group-size-they-belong-to
1541.8	1283	find-the-smallest-divisor-given-a-threshold
1810.8	1284	minimum-number-of-flips-to-convert-binary-matrix-to-zero-matrix
1591.5	1286	iterator-for-combination
1179.1	1287	element-appearing-more-than-25-in-sorted-array
1375.0	1288	remove-covered-intervals
1697.2	1289	minimum-falling-path-sum-ii
1151.4	1290	convert-binary-number-in-a-linked-list-to-integer
1373.8	1291	sequential-digits
1734.8	1292	maximum-side-length-of-a-square-with-sum-less-than-or-equal-to-threshold
1967.3	1293	shortest-path-in-a-grid-with-obstacles-elimination
1139.7	1295	find-numbers-with-even-number-of-digits
1490.2	1296	divide-array-in-sets-of-k-consecutive-numbers
1748.2	1297	maximum-number-of-occurrences-of-a-substring
1824.8	1298	maximum-candies-you-can-get-from-boxes
1219.4	1299	replace-elements-with-greatest-element-on-right-side
1607.0	1300	sum-of-mutated-array-closest-to-target
1853.1	1301	number-of-paths-with-max-score
1387.9	1302	deepest-leaves-sum
1167.1	1304	find-n-unique-integers-sum-up-to-zero
1260.2	1305	all-elements-in-two-binary-search-trees
1396.5	1306	jump-game-iii
2250.0	1307	verbal-arithmetic-puzzle
1257.7	1309	decrypt-string-from-alphabet-to-integer-mapping
1459.8	1310	xor-queries-of-a-subarray
1652.6	1311	get-watched-videos-by-your-friends
1786.7	1312	minimum-insertion-steps-to-make-a-string-palindrome
1317.5	1313	decompress-run-length-encoded-list
1483.8	1314	matrix-block-sum
1426.9	1315	sum-of-nodes-with-even-valued-grandparent
1836.5	1316	distinct-echo-substrings
1277.8	1317	convert-integer-to-the-sum-of-two-no-zero-integers
1382.8	1318	minimum-flips-to-make-a-or-b-equal-to-c
1633.1	1319	number-of-operations-to-make-network-connected
2027.7	1320	minimum-distance-to-type-a-word-using-two-fingers
1194.0	1323	maximum-69-number
1328.7	1324	print-words-vertically
1407.1	1325	delete-leaves-with-a-given-value
1885.0	1326	minimum-number-of-taps-to-open-to-water-a-garden
1473.9	1328	break-a-palindrome
1548.5	1329	sort-the-matrix-diagonally
2481.7	1330	reverse-subarray-to-maximize-array-value
1356.0	1331	rank-transform-of-an-array
1628.5	1332	remove-palindromic-subsequences
1423.1	1333	filter-restaurants-by-vegan-friendly-price-and-distance
1855.0	1334	find-the-city-with-the-smallest-number-of-neighbors-at-a-threshold-distance
2034.9	1335	minimum-difficulty-of-a-job-schedule
1224.8	1337	the-k-weakest-rows-in-a-matrix
1303.0	1338	reduce-array-size-to-the-half
1675.0	1339	maximum-product-of-splitted-binary-tree
1866.3	1340	jump-game-v
1163.6	1342	number-of-steps-to-reduce-a-number-to-zero
1317.2	1343	number-of-sub-arrays-of-size-k-and-average-greater-than-or-equal-to-threshold
1324.6	1344	angle-between-hands-of-a-clock
1809.8	1345	jump-game-iv
1225.4	1346	check-if-n-and-its-double-exist
1330.9	1347	minimum-number-of-steps-to-make-two-strings-anagram
2036.7	1348	tweet-counts-per-frequency
2385.8	1349	maximum-students-taking-exam
1139.4	1351	count-negative-numbers-in-a-sorted-matrix
1473.7	1352	product-of-the-last-k-numbers
2015.7	1353	maximum-number-of-events-that-can-be-attended
2014.8	1354	construct-target-array-with-multiple-sums
1257.7	1356	sort-integers-by-the-number-of-1-bits
1429.6	1357	apply-discount-every-n-orders
1646.2	1358	number-of-substrings-containing-all-three-characters
1722.8	1359	count-all-valid-pickup-and-delivery-options
1421.7	1360	number-of-days-between-two-dates
1464.7	1361	validate-binary-tree-nodes
1533.9	1362	closest-divisors
1823.0	1363	largest-multiple-of-three
1152.1	1365	how-many-numbers-are-smaller-than-the-current-number
1626.3	1366	rank-teams-by-votes
1650.0	1367	linked-list-in-binary-tree
2068.8	1368	minimum-cost-to-make-at-least-one-valid-path-in-a-grid
1369.0	1370	increasing-decreasing-string
2040.5	1371	find-the-longest-substring-containing-vowels-in-even-counts
1713.3	1372	longest-zigzag-path-in-a-binary-tree
1913.7	1373	maximum-sum-bst-in-binary-tree
1164.0	1374	generate-a-string-with-characters-that-have-odd-counts
1438.9	1375	number-of-times-binary-string-is-prefix-aligned
1561.1	1376	time-needed-to-inform-all-employees
1823.9	1377	frog-position-after-t-seconds
1207.8	1380	lucky-numbers-in-a-matrix
1286.0	1381	design-a-stack-with-increment-operation
1540.6	1382	balance-a-binary-search-tree
2091.4	1383	maximum-performance-of-a-team
1234.8	1385	find-the-distance-value-between-two-arrays
1636.7	1386	cinema-seat-allocation
1506.9	1387	sort-integers-by-the-power-value
2409.8	1388	pizza-with-3n-slices
1208.0	1389	create-target-array-in-the-given-order
1478.4	1390	four-divisors
1745.6	1391	check-if-there-is-a-valid-path-in-a-grid
1876.1	1392	longest-happy-prefix
1118.1	1394	find-lucky-integer-in-an-array
1343.6	1395	count-number-of-teams
1464.5	1396	design-underground-system
2666.7	1397	find-all-good-strings
1341.0	1399	count-largest-group
1530.5	1400	construct-k-palindrome-strings
1709.0	1401	circle-and-rectangle-overlapping
1679.3	1402	reducing-dishes
1288.2	1403	minimum-subsequence-in-non-increasing-order
1396.6	1404	number-of-steps-to-reduce-a-number-in-binary-representation-to-one
1820.6	1405	longest-happy-string
2026.9	1406	stone-game-iii
1223.4	1408	string-matching-in-an-array
1334.6	1409	queries-on-a-permutation-with-key
1405.4	1410	html-entity-parser
1844.6	1411	number-of-ways-to-paint-n-3-grid
1212.2	1413	minimum-value-to-get-positive-step-by-step-sum
1465.7	1414	find-the-minimum-number-of-fibonacci-numbers-whose-sum-is-k
1575.6	1415	the-k-th-lexicographical-string-of-all-happy-strings-of-length-n
1919.6	1416	restore-the-array
1241.9	1417	reformat-the-string
1485.1	1418	display-table-of-food-orders-in-a-restaurant
1689.8	1419	minimum-number-of-frogs-croaking
2175.7	1420	build-array-where-you-can-find-the-maximum-exactly-k-comparisons
1237.8	1422	maximum-score-after-splitting-a-string
1573.8	1423	maximum-points-you-can-obtain-from-cards
1779.8	1424	diagonal-traverse-ii
2032.5	1425	constrained-subsequence-sum
1176.5	1431	kids-with-the-greatest-number-of-candies
1426.7	1432	max-difference-you-can-get-from-changing-an-integer
1436.1	1433	check-if-a-string-can-break-another-string
2273.2	1434	number-of-ways-to-wear-different-hats-to-each-other
1192.3	1436	destination-city
1193.3	1437	check-if-all-1s-are-at-least-length-k-places-away
1672.2	1438	longest-continuous-subarray-with-absolute-diff-less-than-or-equal-to-limit
2134.0	1439	find-the-kth-smallest-sum-of-a-matrix-with-sorted-rows
1180.4	1441	build-an-array-with-stack-operations
1524.6	1442	count-triplets-that-can-form-two-arrays-of-equal-xor
1682.9	1443	minimum-time-to-collect-all-apples-in-a-tree
2126.7	1444	number-of-ways-of-cutting-a-pizza
1165.5	1446	consecutive-characters
1268.6	1447	simplified-fractions
1360.2	1448	count-good-nodes-in-binary-tree
1927.4	1449	form-largest-integer-with-digits-that-add-up-to-target
1129.3	1450	number-of-students-doing-homework-at-a-given-time
1309.3	1451	rearrange-words-in-a-sentence
1562.9	1452	people-whose-list-of-favorite-companies-is-not-a-subset-of-another-list
2201.8	1453	maximum-number-of-darts-inside-of-a-circular-dartboard
1125.6	1455	check-if-a-word-occurs-as-a-prefix-of-any-word-in-a-sentence
1263.3	1456	maximum-number-of-vowels-in-a-substring-of-given-length
1405.0	1457	pseudo-palindromic-paths-in-a-binary-tree
1823.6	1458	max-dot-product-of-two-subsequences
1151.5	1460	make-two-arrays-equal-by-reversing-subarrays
1504.0	1461	check-if-a-string-contains-all-binary-codes-of-size-k
1692.6	1462	course-schedule-iv
1956.7	1463	cherry-pickup-ii
1121.1	1464	maximum-product-of-two-elements-in-an-array
1444.6	1465	maximum-area-of-a-piece-of-cake-after-horizontal-and-vertical-cuts
1633.6	1466	reorder-routes-to-make-all-paths-lead-to-the-city-zero
2356.6	1467	probability-of-a-two-boxes-having-the-same-number-of-distinct-balls
1120.7	1470	shuffle-the-array
1332.5	1471	the-k-strongest-values-in-an-array
1453.8	1472	design-browser-history
2056.3	1473	paint-house-iii
1212.3	1475	final-prices-with-a-special-discount-in-a-shop
1326.4	1476	subrectangle-queries
1850.6	1477	find-two-non-overlapping-sub-arrays-each-with-target-sum
2190.2	1478	allocate-mailboxes
1104.7	1480	running-sum-of-1d-array
1284.4	1481	least-number-of-unique-integers-after-k-removals
1945.5	1482	minimum-number-of-days-to-make-m-bouquets
2115.1	1483	kth-ancestor-of-a-tree-node
1180.9	1486	xor-operation-in-an-array
1697.0	1487	making-file-names-unique
1973.7	1488	avoid-flood-in-the-city
2571.6	1489	find-critical-and-pseudo-critical-edges-in-minimum-spanning-tree
1201.3	1491	average-salary-excluding-the-minimum-and-maximum-salary
1232.0	1492	the-kth-factor-of-n
1423.0	1493	longest-subarray-of-1s-after-deleting-one-element
2081.8	1494	parallel-courses-ii
1508.1	1496	path-crossing
1787.2	1497	check-if-array-pairs-are-divisible-by-k
2276.4	1498	number-of-subsequences-that-satisfy-the-given-sum-condition
2456.4	1499	max-value-of-equation
1154.8	1502	can-make-arithmetic-progression-from-sequence
1618.6	1503	last-moment-before-all-ants-fall-out-of-a-plank
1845.0	1504	count-submatrices-with-all-ones
2336.5	1505	minimum-possible-integer-after-at-most-k-adjacent-swaps-on-digits
1283.5	1507	reformat-date
1402.1	1508	range-sum-of-sorted-subarray-sums
1653.0	1509	minimum-difference-between-largest-and-smallest-value-in-three-moves
1786.9	1510	stone-game-iv
1160.9	1512	number-of-good-pairs
1351.4	1513	number-of-substrings-with-only-1s
1846.4	1514	path-with-maximum-probability
2157.0	1515	best-position-for-a-service-centre
1245.3	1518	water-bottles
1808.8	1519	number-of-nodes-in-the-sub-tree-with-the-same-label
2362.6	1520	maximum-number-of-non-overlapping-substrings
2383.8	1521	find-a-value-of-a-mysterious-function-closest-to-target
1209.4	1523	count-odd-numbers-in-an-interval-range
1610.6	1524	number-of-sub-arrays-with-odd-sum
1499.7	1525	number-of-good-ways-to-split-a-string
1872.0	1526	minimum-number-of-increments-on-subarrays-to-form-a-target-array
1193.1	1528	shuffle-string
1392.7	1529	minimum-suffix-flips
1745.7	1530	number-of-good-leaf-nodes-pairs
2576.0	1531	string-compression-ii
1279.3	1534	count-good-triplets
1433.1	1535	find-the-winner-of-an-array-game
1880.6	1536	minimum-swaps-to-arrange-a-binary-grid
1961.5	1537	get-the-maximum-score
1295.5	1539	kth-missing-positive-number
1631.3	1540	can-convert-string-in-k-moves
1759.0	1541	minimum-insertions-to-balance-a-parentheses-string
2221.7	1542	find-longest-awesome-substring
1344.2	1544	make-the-string-great
1479.5	1545	find-kth-bit-in-nth-binary-string
1855.4	1546	maximum-number-of-non-overlapping-subarrays-with-sum-equals-target
2116.5	1547	minimum-cost-to-cut-a-stick
1221.7	1550	three-consecutive-odds
1293.5	1551	minimum-operations-to-make-array-equal
1919.7	1552	magnetic-force-between-two-balls
2048.1	1553	minimum-number-of-days-to-eat-n-oranges
1271.4	1556	thousand-separator
1512.3	1557	minimum-number-of-vertices-to-reach-all-nodes
1637.0	1558	minimum-numbers-of-function-calls-to-make-target-array
1837.8	1559	detect-cycles-in-2d-grid
1443.2	1560	most-visited-sector-in-a-circular-track
1405.6	1561	maximum-number-of-coins-you-can-get
1928.2	1562	find-latest-group-of-size-m
2087.2	1563	stone-game-v
1486.5	1566	detect-pattern-of-length-m-repeated-k-or-more-times
1710.3	1567	maximum-length-of-subarray-with-positive-product
2208.6	1568	minimum-number-of-days-to-disconnect-island
2288.2	1569	number-of-ways-to-reorder-array-to-get-same-bst
1280.3	1572	matrix-diagonal-sum
1590.5	1573	number-of-ways-to-split-a-string
1931.7	1574	shortest-subarray-to-be-removed-to-make-array-sorted
2055.1	1575	count-all-possible-routes
1368.0	1576	replace-all-s-to-avoid-consecutive-repeating-characters
1593.9	1577	number-of-ways-where-square-of-number-is-equal-to-product-of-two-numbers
1574.0	1578	minimum-time-to-make-rope-colorful
2131.8	1579	remove-max-number-of-edges-to-keep-graph-fully-traversable
1321.3	1582	special-positions-in-a-binary-matrix
1658.3	1583	count-unhappy-friends
1857.6	1584	min-cost-to-connect-all-points
2333.0	1585	check-if-string-is-transformable-with-substring-sort-operations
1408.8	1588	sum-of-all-odd-length-subarrays
1871.3	1589	maximum-sum-obtained-of-any-permutation
2038.9	1590	make-sum-divisible-by-p
2290.9	1591	strange-printer-ii
1362.7	1592	rearrange-spaces-between-words
1739.6	1593	split-a-string-into-the-max-number-of-unique-substrings
1807.5	1594	maximum-non-negative-product-in-a-matrix
2537.8	1595	minimum-cost-to-connect-two-groups-of-points
1297.3	1598	crawler-log-folder
1548.1	1599	maximum-profit-of-operating-a-centennial-wheel
1768.6	1600	throne-inheritance
2118.8	1601	maximum-number-of-achievable-transfer-requests
1324.2	1603	design-parking-system
1606.2	1604	alert-using-same-key-card-three-or-more-times-in-a-one-hour-period
1867.9	1605	find-valid-matrix-given-row-and-column-sums
2275.7	1606	find-servers-that-handled-most-number-of-requests
1369.6	1608	special-array-with-x-elements-greater-than-or-equal-x
1438.2	1609	even-odd-tree
2147.2	1610	maximum-number-of-visible-points
2345.3	1611	minimum-one-bit-operations-to-make-integers-zero
1322.8	1614	maximum-nesting-depth-of-the-parentheses
1522.0	1615	maximal-network-rank
1868.2	1616	split-two-strings-to-make-palindrome
2308.7	1617	count-subtrees-with-max-distance-between-cities
1374.4	1619	mean-of-array-after-removing-some-elements
1665.2	1620	coordinate-with-maximum-network-quality
2198.3	1621	number-of-sets-of-k-non-overlapping-line-segments
2476.5	1622	fancy-sequence
1282.0	1624	largest-substring-between-two-equal-characters
1992.0	1625	lexicographically-smallest-string-after-applying-operations
2027.4	1626	best-team-with-no-conflicts
2221.4	1627	graph-connectivity-with-threshold
1315.4	1629	slowest-key
1422.0	1630	arithmetic-subarrays
1947.5	1631	path-with-minimum-effort
2529.5	1632	rank-transform-of-a-matrix
1430.3	1636	sort-array-by-increasing-frequency
1486.8	1637	widest-vertical-area-between-two-points-containing-no-points
1744.8	1638	count-substrings-that-differ-by-one-character
2081.7	1639	number-of-ways-to-form-a-target-string-given-a-dictionary
1524.3	1640	check-array-formation-through-concatenation
1519.2	1641	count-sorted-vowel-strings
1962.2	1642	furthest-building-you-can-reach
2080.0	1643	kth-smallest-instructions
1301.4	1646	get-maximum-in-generated-array
1509.5	1647	minimum-deletions-to-make-character-frequencies-unique
2050.3	1648	sell-diminishing-valued-colored-balls
2207.9	1649	create-sorted-array-through-instructions
1416.9	1652	defuse-the-bomb
1793.8	1653	minimum-deletions-to-make-string-balanced
2124.0	1654	minimum-jumps-to-reach-home
2307.0	1655	distribute-repeating-integers
1418.8	1656	design-an-ordered-stream
1530.5	1657	determine-if-two-strings-are-close
1817.2	1658	minimum-operations-to-reduce-x-to-zero
2655.2	1659	maximize-grid-happiness
1217.1	1662	check-if-two-string-arrays-are-equivalent
1460.6	1663	smallest-string-with-a-given-numeric-value
1590.3	1664	ways-to-make-a-fair-array
1900.8	1665	minimum-initial-energy-to-finish-tasks
1395.5	1668	maximum-repeating-substring
1428.1	1669	merge-in-between-linked-lists
1610.2	1670	design-front-middle-back-queue
1912.8	1671	minimum-number-of-removals-to-make-mountain-array
1182.6	1672	richest-customer-wealth
1802.2	1673	find-the-most-competitive-subsequence
2333.2	1674	minimum-moves-to-make-array-complementary
2533.3	1675	minimize-deviation-in-array
1222.0	1678	goal-parser-interpretation
1345.7	1679	max-number-of-k-sum-pairs
1629.5	1680	concatenation-of-consecutive-binary-numbers
2390.0	1681	minimum-incompatibility
1288.6	1684	count-the-number-of-consistent-strings
1495.7	1685	sum-of-absolute-differences-in-a-sorted-array
2000.8	1686	stone-game-vi
2610.1	1687	delivering-boxes-from-storage-to-ports
1203.1	1688	count-of-matches-in-tournament
1355.4	1689	partitioning-into-minimum-number-of-deci-binary-numbers
1951.2	1690	stone-game-vii
2171.7	1691	maximum-height-by-stacking-cuboids
1321.9	1694	reformat-phone-number
1528.7	1695	maximum-erasure-value
1954.3	1696	jump-game-vi
2300.2	1697	checking-existence-of-edge-length-limited-paths
1404.2	1700	number-of-students-unable-to-eat-lunch
1436.4	1701	average-waiting-time
1825.4	1702	maximum-binary-string-after-change
2466.9	1703	minimum-adjacent-swaps-for-k-consecutive-ones
1207.7	1704	determine-if-string-halves-are-alike
1929.9	1705	maximum-number-of-eaten-apples
1764.9	1706	where-will-the-ball-fall
2359.0	1707	maximum-xor-with-an-element-from-array
1309.8	1710	maximum-units-on-a-truck
1797.9	1711	count-good-meals
2078.7	1712	ways-to-split-array-into-three-subarrays
2351.0	1713	minimum-operations-to-make-a-subsequence
1294.5	1716	calculate-money-in-leetcode-bank
1868.0	1717	maximum-score-from-removing-substrings
2080.0	1718	construct-the-lexicographically-largest-valid-sequence
3018.5	1719	number-of-ways-to-reconstruct-a-tree
1284.5	1720	decode-xored-array
1386.9	1721	swapping-nodes-in-a-linked-list
1892.2	1722	minimize-hamming-distance-after-swap-operations
2284.4	1723	find-minimum-time-to-finish-all-jobs
1229.5	1725	number-of-rectangles-that-can-form-the-largest-square
1530.0	1726	tuple-with-same-product
1926.7	1727	largest-submatrix-with-rearrangements
2849.5	1728	cat-and-mouse-ii
1256.7	1732	find-the-highest-altitude
1983.7	1733	minimum-number-of-people-to-teach
2024.4	1734	decode-xored-permutation
2499.6	1735	count-ways-to-make-array-with-product
1264.5	1736	latest-time-by-replacing-hidden-digits
1952.7	1737	change-minimum-characters-to-satisfy-one-of-three-conditions
1671.5	1738	find-kth-largest-xor-coordinate-value
2198.5	1739	building-boxes
1278.0	1742	maximum-number-of-balls-in-a-box
1579.2	1743	restore-the-array-from-adjacent-pairs
1859.0	1744	can-you-eat-your-favorite-candy-on-your-favorite-day
1925.0	1745	palindrome-partitioning-iv
1228.5	1748	sum-of-unique-elements
1541.6	1749	maximum-absolute-sum-of-any-subarray
1501.7	1750	minimum-length-of-string-after-deleting-similar-ends
2040.6	1751	maximum-number-of-events-that-can-be-attended-ii
1324.5	1752	check-if-array-is-sorted-and-rotated
1487.6	1753	maximum-score-from-removing-stones
1828.6	1754	largest-merge-of-two-strings
2363.5	1755	closest-subsequence-sum
1353.6	1758	minimum-changes-to-make-alternating-binary-string
1490.9	1759	count-number-of-homogenous-substrings
1939.9	1760	minimum-limit-of-balls-in-a-bag
2005.3	1761	minimum-degree-of-a-connected-trio-in-a-graph
1521.7	1763	longest-nice-substring
1588.4	1764	form-array-by-concatenating-subarrays-of-another-array
1783.0	1765	map-of-highest-peak
2231.8	1766	tree-of-coprimes
1166.5	1768	merge-strings-alternately
1294.8	1769	minimum-number-of-operations-to-move-all-balls-to-each-box
2068.0	1770	maximum-score-from-performing-multiplication-operations
2182.1	1771	maximize-palindrome-length-from-subsequences
1174.9	1773	count-items-matching-a-rule
1701.8	1774	closest-dessert-cost
1850.4	1775	equal-sum-arrays-with-minimum-number-of-operations
2530.7	1776	car-fleet-ii
1259.6	1779	find-nearest-point-that-has-the-same-x-or-y-coordinate
1505.8	1780	check-if-number-is-a-sum-of-powers-of-three
1714.7	1781	sum-of-beauty-of-all-substrings
2457.1	1782	count-pairs-of-nodes
1206.1	1784	check-if-binary-string-has-at-most-one-segment-of-ones
1432.1	1785	minimum-elements-to-add-to-form-a-given-sum
2078.5	1786	number-of-restricted-paths-from-first-to-last-node
2640.4	1787	make-the-xor-of-all-segments-equal-to-zero
1300.8	1790	check-if-one-string-swap-can-make-strings-equal
1286.8	1791	find-center-of-star-graph
1818.0	1792	maximum-average-pass-ratio
1945.8	1793	maximum-score-of-a-good-subarray
1341.8	1796	second-largest-digit-in-a-string
1534.1	1797	design-authentication-manager
1931.1	1798	maximum-number-of-consecutive-values-you-can-make
2072.7	1799	maximize-score-after-n-operations
1229.2	1800	maximum-ascending-subarray-sum
1711.1	1801	number-of-orders-in-the-backlog
1929.3	1802	maximum-value-at-a-given-index-in-a-bounded-array
2479.3	1803	count-pairs-with-xor-in-a-range
1333.3	1805	number-of-different-integers-in-a-string
1491.5	1806	minimum-number-of-operations-to-reinitialize-a-permutation
1482.0	1807	evaluate-the-bracket-pairs-of-a-string
2070.2	1808	maximize-number-of-nice-divisors
1328.5	1812	determine-color-of-a-chessboard-square
1589.0	1813	sentence-similarity-iii
1737.8	1814	count-nice-pairs-in-an-array
2559.4	1815	maximum-number-of-groups-getting-fresh-donuts
1235.6	1816	truncate-sentence
1360.3	1817	finding-the-users-active-minutes
1934.4	1818	minimum-absolute-sum-difference
2539.9	1819	number-of-different-subsequences-gcds
1209.7	1822	sign-of-the-product-of-an-array
1412.3	1823	find-the-winner-of-the-circular-game
1778.5	1824	minimum-sideway-jumps
2395.9	1825	finding-mk-average
1314.9	1827	minimum-operations-to-make-the-array-increasing
1380.0	1828	queries-on-number-of-points-inside-a-circle
1523.4	1829	maximum-xor-for-each-query
2620.4	1830	minimum-number-of-operations-to-make-string-sorted
1166.8	1832	check-if-the-sentence-is-pangram
1252.7	1833	maximum-ice-cream-bars
1797.7	1834	single-threaded-cpu
1825.0	1835	find-xor-sum-of-all-pairs-bitwise-and
1282.4	1837	sum-of-digits-in-base-k
1876.4	1838	frequency-of-the-most-frequent-element
1580.4	1839	longest-substring-of-all-vowels-in-order
2374.2	1840	maximum-building-height
1300.9	1844	replace-all-digits-with-characters
1428.7	1845	seat-reservation-manager
1454.4	1846	maximum-element-after-decreasing-and-rearranging
2081.8	1847	closest-room
1216.6	1848	minimum-distance-to-the-target-element
1746.9	1849	splitting-a-string-into-descending-consecutive-values
2073.0	1850	minimum-adjacent-swaps-to-reach-the-kth-smallest-number
2286.1	1851	minimum-interval-to-include-each-query
1370.4	1854	maximum-population-year
1514.8	1855	maximum-distance-between-a-pair-of-values
2051.1	1856	maximum-subarray-min-product
2313.0	1857	largest-color-value-in-a-directed-graph
1290.0	1859	sorting-the-sentence
1387.3	1860	incremental-memory-leak
1536.7	1861	rotating-the-box
2170.1	1862	sum-of-floored-pairs
1372.1	1863	sum-of-all-subset-xor-totals
1600.6	1864	minimum-number-of-swaps-to-make-the-binary-string-alternating
1680.8	1865	finding-pairs-with-a-certain-sum
2333.1	1866	number-of-ways-to-rearrange-sticks-with-k-sticks-visible
1205.0	1869	longer-contiguous-segments-of-ones-than-zeros
1675.8	1870	minimum-speed-to-arrive-on-time
1896.1	1871	jump-game-vii
2439.7	1872	stone-game-viii
1248.7	1876	substrings-of-size-three-with-distinct-characters
1301.4	1877	minimize-maximum-pair-sum-in-array
1897.6	1878	get-biggest-three-rhombus-sums-in-a-grid
2145.2	1879	minimum-xor-sum-of-two-arrays
1187.2	1880	check-if-word-equals-summation-of-two-words
1381.2	1881	maximum-value-after-insertion
1979.1	1882	process-tasks-using-servers
2587.9	1883	minimum-skips-to-arrive-at-meeting-on-time
1407.1	1886	determine-whether-matrix-can-be-obtained-by-rotation
1427.8	1887	reduction-operations-to-make-the-array-elements-equal
2005.6	1888	minimum-number-of-flips-to-make-the-binary-string-alternating
2214.5	1889	minimum-space-wasted-from-packaging
1307.4	1893	check-if-all-the-integers-in-a-range-are-covered
1355.5	1894	find-the-student-that-will-replace-the-chalk
1781.4	1895	largest-magic-square
2531.6	1896	minimum-cost-to-change-the-final-value-of-expression
1309.1	1897	redistribute-characters-to-make-all-strings-equal
1912.8	1898	maximum-number-of-removable-characters
1635.7	1899	merge-triplets-to-form-target-triplet
2454.8	1900	the-earliest-and-latest-rounds-where-players-compete
1248.9	1903	largest-odd-number-in-string
1498.2	1904	the-number-of-full-rounds-you-have-played
1678.7	1905	count-sub-islands
2146.6	1906	minimum-absolute-difference-queries
1461.3	1909	remove-one-element-to-make-the-array-strictly-increasing
1460.9	1910	remove-all-occurrences-of-a-substring
1785.7	1911	maximum-alternating-subsequence-sum
2181.8	1912	design-movie-rental-system
1144.6	1913	maximum-product-difference-between-two-pairs
1766.3	1914	cyclically-rotating-a-grid
2234.9	1915	number-of-wonderful-substrings
2486.2	1916	count-ways-to-build-rooms-in-an-ant-colony
1160.4	1920	build-array-from-permutation
1527.7	1921	eliminate-maximum-number-of-monsters
1674.8	1922	count-good-numbers
2661.1	1923	longest-common-subpath
1323.8	1925	count-square-sum-triples
1638.3	1926	nearest-exit-from-entrance-in-maze
2004.5	1927	sum-game
2413.4	1928	minimum-cost-to-reach-destination-in-time
1132.7	1929	concatenation-of-array
1533.3	1930	unique-length-3-palindromic-subsequences
2170.0	1931	painting-a-grid-with-three-different-colors
2483.9	1932	merge-bsts-to-create-single-bst
1226.8	1935	maximum-number-of-words-you-can-type
1322.6	1936	add-minimum-number-of-rungs
2105.8	1937	maximum-number-of-points-with-cost
2502.5	1938	maximum-genetic-difference-query
1242.6	1941	check-if-all-characters-have-equal-number-of-occurrences
1695.3	1942	the-number-of-the-smallest-unoccupied-chair
1969.2	1943	describe-the-painting
2105.0	1944	number-of-visible-people-in-a-queue
1254.9	1945	sum-of-digits-of-string-after-convert
1445.4	1946	largest-number-after-mutating-substring
1704.4	1947	maximum-compatibility-score-sum
2533.8	1948	delete-duplicate-folders-in-system
1203.8	1952	three-divisors
1803.8	1953	maximum-number-of-weeks-for-which-you-can-work
1758.5	1954	minimum-garden-perimeter-to-collect-enough-apples
2125.3	1955	count-number-of-special-subsequences
1357.7	1957	delete-characters-to-make-fancy-string
1658.6	1958	check-if-move-is-legal
2310.4	1959	minimum-total-space-wasted-with-k-resizing-operations
2690.6	1960	maximum-product-of-the-length-of-two-palindromic-substrings
1234.1	1961	check-if-string-is-a-prefix-of-array
1418.7	1962	remove-stones-to-minimize-the-total
1688.9	1963	minimum-number-of-swaps-to-make-the-string-balanced
1933.2	1964	find-the-longest-valid-obstacle-course-at-each-position
1231.9	1967	number-of-strings-that-appear-as-substrings-in-word
1499.3	1968	array-with-elements-not-equal-to-average-of-neighbors
1966.7	1969	minimum-non-zero-product-of-the-array-elements
2123.6	1970	last-day-where-you-can-still-cross
1364.2	1974	minimum-time-to-type-word-using-special-typewriter
1648.1	1975	maximum-matrix-sum
2094.6	1976	number-of-ways-to-arrive-at-destination
2817.3	1977	number-of-ways-to-separate-numbers
1184.4	1979	find-greatest-common-divisor-of-array
1361.6	1980	find-unique-binary-string
2009.7	1981	minimize-the-difference-between-target-and-chosen-elements
2872.0	1982	find-array-given-subset-sums
1306.3	1984	minimum-difference-between-highest-and-lowest-of-k-scores
1414.4	1985	find-the-kth-largest-integer-in-the-array
1995.3	1986	minimum-number-of-work-sessions-to-finish-the-tasks
2422.3	1987	number-of-unique-good-subsequences
1302.6	1991	find-the-middle-index-in-array
1539.2	1992	find-all-groups-of-farmland
1861.5	1993	operations-on-tree
2464.5	1994	the-number-of-good-subsets
1352.2	1995	count-special-quadruplets
1860.7	1996	the-number-of-weak-characters-in-the-game
2260.3	1997	first-day-where-you-have-been-in-all-the-rooms
2429.1	1998	gcd-sort-of-an-array
1199.4	2000	reverse-prefix-of-word
1436.0	2001	number-of-pairs-of-interchangeable-rectangles
1869.4	2002	maximum-product-of-the-length-of-two-palindromic-subsequences
2415.0	2003	smallest-missing-genetic-value-in-each-subtree
1271.8	2006	count-number-of-pairs-with-absolute-difference-k
1557.0	2007	find-original-array-from-doubled-array
1871.8	2008	maximum-earnings-from-taxi
2084.5	2009	minimum-number-of-operations-to-make-array-continuous
1165.2	2011	final-value-of-variable-after-performing-operations
1467.9	2012	sum-of-beauty-in-the-array
1841.4	2013	detect-squares
2558.3	2014	longest-subsequence-repeated-k-times
1246.0	2016	maximum-difference-between-increasing-elements
1719.0	2017	grid-game
1929.9	2018	check-if-word-can-be-placed-in-crossword
2583.9	2019	the-score-of-students-solving-math-expression
1307.3	2022	convert-1d-array-into-2d-array
1341.4	2023	number-of-pairs-of-strings-with-concatenation-equal-to-target
1643.1	2024	maximize-the-confusion-of-an-exam
2217.8	2025	maximum-number-of-ways-to-partition-an-array
1346.4	2027	minimum-moves-to-convert-string
1444.7	2028	find-missing-observations
2277.4	2029	stone-game-ix
2561.8	2030	smallest-k-length-subsequence-with-occurrences-of-a-letter
1269.8	2032	two-out-of-three
1671.9	2033	minimum-operations-to-make-a-uni-value-grid
1831.9	2034	stock-price-fluctuation
2489.7	2035	partition-array-into-two-arrays-to-minimize-sum-difference
1356.7	2037	minimum-number-of-moves-to-seat-everyone
1467.7	2038	remove-colored-pieces-if-both-neighbors-are-the-same-color
1865.3	2039	the-time-when-the-network-becomes-idle
2517.7	2040	kth-smallest-product-of-two-sorted-arrays
1257.3	2042	check-if-numbers-are-ascending-in-a-sentence
1356.2	2043	simple-bank-system
1567.7	2044	count-number-of-maximum-bitwise-or-subsets
2201.6	2045	second-minimum-time-to-reach-destination
1471.9	2047	number-of-valid-words-in-a-sentence
1734.1	2048	next-greater-numerically-balanced-number
1911.7	2049	count-nodes-with-the-highest-score
2084.1	2050	parallel-courses-iii
1350.6	2053	kth-distinct-string-in-an-array
1883.4	2054	two-best-non-overlapping-events
1819.3	2055	plates-between-candles
2611.0	2056	number-of-valid-move-combinations-on-chessboard
1167.9	2057	smallest-index-with-equal-value
1310.9	2058	find-the-minimum-and-maximum-number-of-nodes-between-critical-points
1849.8	2059	minimum-operations-to-convert-number
2803.8	2060	check-if-an-original-string-exists-given-two-encoded-strings
1458.4	2062	count-vowel-substrings-of-a-string
1663.4	2063	vowels-of-all-substrings
1885.9	2064	minimized-maximum-of-products-distributed-to-any-store
2178.4	2065	maximum-path-quality-of-a-graph
1273.1	2068	check-whether-two-strings-are-almost-equivalent
1919.0	2069	walking-robot-simulation-ii
1724.2	2070	most-beautiful-item-for-each-query
2648.2	2071	maximum-number-of-tasks-you-can-assign
1325.4	2073	time-needed-to-buy-tickets
1685.4	2074	reverse-nodes-in-even-length-groups
1759.2	2075	decode-the-slanted-ciphertext
2130.9	2076	process-restricted-friend-requests
1240.8	2078	two-furthest-houses-with-different-colors
1320.6	2079	watering-plants
1702.4	2080	range-frequency-queries
2209.9	2081	sum-of-k-mirror-numbers
1307.5	2085	count-common-words-with-one-occurrence
1622.8	2086	minimum-number-of-food-buckets-to-feed-the-hamsters
1743.7	2087	minimum-cost-homecoming-of-a-robot-in-a-grid
2104.7	2088	count-fertile-pyramids-in-a-land
1152.1	2089	find-target-indices-after-sorting-array
1358.2	2090	k-radius-subarray-averages
1384.0	2091	removing-minimum-and-maximum-from-array
2003.6	2092	find-all-people-with-secret
1454.7	2094	finding-3-digit-even-numbers
1324.4	2095	delete-the-middle-node-of-a-linked-list
1804.5	2096	step-by-step-directions-from-a-binary-tree-node-to-another
2650.9	2097	valid-arrangement-of-pairs
1447.0	2099	find-subsequence-of-length-k-with-the-largest-sum
1702.5	2100	find-good-days-to-rob-the-bank
1880.1	2101	detonate-the-maximum-bombs
2158.8	2102	sequentially-ordinal-rank-tracker
1257.8	2103	rings-and-rods
1504.2	2104	sum-of-subarray-ranges
1507.2	2105	watering-plants-ii
2062.4	2106	maximum-fruits-harvested-after-at-most-k-steps
1215.7	2108	find-first-palindromic-string-in-the-array
1315.2	2109	adding-spaces-to-a-string
1408.4	2110	number-of-smooth-descent-periods-of-a-stock
1940.6	2111	minimum-operations-to-make-the-array-k-increasing
1257.3	2114	maximum-number-of-words-found-in-sentences
1678.6	2115	find-all-possible-recipes-from-given-supplies
2037.7	2116	check-if-a-parentheses-string-can-be-valid
2476.8	2117	abbreviating-the-product-of-a-range
1187.1	2119	a-number-after-a-double-reversal
1379.9	2120	execution-of-all-suffix-instructions-staying-in-a-grid
1760.9	2121	intervals-between-identical-elements
2158.9	2122	recover-the-original-array
1201.8	2124	check-if-all-as-appears-before-all-bs
1280.2	2125	number-of-laser-beams-in-a-bank
1334.6	2126	destroying-asteroids
2449.1	2127	maximum-employees-to-be-invited-to-a-meeting
1274.9	2129	capitalize-the-title
1317.9	2130	maximum-twin-sum-of-a-linked-list
1556.9	2131	longest-palindrome-by-concatenating-two-letter-words
2364.4	2132	stamping-the-grid
1264.3	2133	check-if-every-row-and-column-contains-all-numbers
1748.5	2134	minimum-swaps-to-group-all-1s-together-ii
1828.3	2135	count-words-obtained-after-adding-a-letter
2033.5	2136	earliest-possible-day-of-full-bloom
1273.0	2138	divide-a-string-into-groups-of-size-k
1417.4	2139	minimum-moves-to-reach-target-score
1709.1	2140	solving-questions-with-brainpower
2265.2	2141	maximum-running-time-of-n-computers
1260.9	2144	minimum-cost-of-buying-candies-with-discount
1614.5	2145	count-the-hidden-sequences
1836.5	2146	k-highest-ranked-items-within-a-price-range
1914.7	2147	number-of-ways-to-divide-a-long-corridor
1201.9	2148	count-elements-with-strictly-smaller-and-greater-elements
1235.9	2149	rearrange-array-elements-by-sign
1275.6	2150	find-all-lonely-numbers-in-the-array
1979.9	2151	maximum-good-people-based-on-statements
1235.8	2154	keep-multiplying-found-values-by-two
1390.5	2155	all-divisions-with-the-highest-score-of-a-binary-array
2063.0	2156	find-substring-with-given-hash-value
2499.3	2157	groups-of-strings
1314.3	2160	minimum-sum-of-four-digit-number-after-splitting-digits
1337.6	2161	partition-array-according-to-given-pivot
1851.7	2162	minimum-cost-to-set-cooking-time
2225.4	2163	minimum-difference-in-sums-after-removal-of-elements
1252.8	2164	sort-even-and-odd-indices-independently
1361.6	2165	smallest-value-of-the-rearranged-number
1751.5	2166	design-bitset
2219.3	2167	minimum-time-to-remove-all-cars-containing-illegal-goods
1199.9	2169	count-operations-to-obtain-zero
1662.7	2170	minimum-operations-to-make-the-array-alternating
1748.1	2171	removing-minimum-number-of-magic-beans
2392.1	2172	maximum-and-sum-of-array
1215.8	2176	count-equal-and-divisible-pairs-in-an-array
1257.2	2177	find-three-consecutive-integers-that-sum-to-a-given-number
1538.2	2178	maximum-split-of-positive-even-integers
2272.4	2179	count-good-triplets-in-an-array
1257.1	2180	count-integers-with-even-digit-sum
1333.2	2181	merge-nodes-in-between-zeros
1680.1	2182	construct-string-with-repeat-limit
2246.0	2183	count-array-pairs-divisible-by-k
1167.1	2185	counting-words-with-a-given-prefix
1253.1	2186	minimum-number-of-steps-to-make-two-strings-anagram-ii
1641.0	2187	minimum-time-to-complete-trips
2315.1	2188	minimum-time-to-finish-the-race
1289.2	2190	most-frequent-number-following-key-in-an-array
1496.1	2191	sort-the-jumbled-numbers
1787.9	2192	all-ancestors-of-a-node-in-a-directed-acyclic-graph
2090.7	2193	minimum-number-of-moves-to-make-palindrome
1253.1	2194	cells-in-a-range-on-an-excel-sheet
1658.9	2195	append-k-integers-with-minimal-sum
1643.5	2196	create-binary-tree-from-descriptions
2057.5	2197	replace-non-coprime-numbers-in-array
1266.3	2200	find-all-k-distant-indices-in-an-array
1525.2	2201	count-artifacts-that-can-be-extracted
1717.0	2202	maximize-the-topmost-element-after-k-moves
2364.3	2203	minimum-weighted-subgraph-with-the-required-paths
1223.4	2206	divide-array-into-equal-pairs
1550.4	2207	maximize-number-of-subsequences-in-a-string
1550.1	2208	minimum-operations-to-halve-array-sum
2105.9	2209	minimum-white-tiles-after-covering-with-carpets
1354.5	2210	count-hills-and-valleys-in-an-array
1581.5	2211	count-collisions-on-a-road
1869.0	2212	maximum-points-in-an-archery-competition
2628.8	2213	longest-substring-of-one-repeating-character
1207.7	2215	find-the-difference-of-two-arrays
1509.6	2216	minimum-deletions-to-make-array-beautiful
1822.1	2217	find-palindrome-with-fixed-length
2157.6	2218	maximum-value-of-k-coins-from-piles
1282.2	2220	minimum-bit-flips-to-convert-number
1317.3	2221	find-triangular-sum-of-an-array
1656.6	2222	number-of-ways-to-select-buildings
2220.1	2223	sum-of-scores-of-built-strings
1295.9	2224	minimum-number-of-operations-to-convert-time
1316.2	2225	find-players-with-zero-or-one-losses
1646.2	2226	maximum-candies-allocated-to-k-children
1944.6	2227	encrypt-and-decrypt-strings
1365.2	2231	largest-number-after-digit-swaps-by-parity
1611.8	2232	minimize-result-by-adding-parentheses-to-expression
1685.5	2233	maximum-product-after-k-increments
2561.5	2234	maximum-total-beauty-of-the-gardens
1256.1	2239	find-closest-number-to-zero
1399.8	2240	number-of-ways-to-buy-pens-and-pencils
1616.2	2241	design-an-atm-machine
2304.3	2242	maximum-score-of-a-node-sequence
1301.9	2243	calculate-digit-sum-of-a-string
1371.8	2244	minimum-rounds-to-complete-all-tasks
2036.7	2245	maximum-trailing-zeros-in-a-cornered-path
2126.4	2246	longest-path-with-different-adjacent-characters
1264.5	2248	intersection-of-multiple-arrays
1602.7	2249	count-lattice-points-inside-a-circle
1997.7	2250	count-number-of-rectangles-containing-each-point
2022.3	2251	number-of-flowers-in-full-bloom
1260.9	2255	count-prefixes-of-a-given-string
1394.9	2256	minimum-average-difference
1708.7	2257	count-unguarded-cells-in-the-grid
2346.6	2258	escape-the-spreading-fire
1331.5	2259	remove-digit-from-number-to-maximize-result
1364.7	2260	minimum-consecutive-cards-to-pick-up
1724.4	2261	k-divisible-elements-subarrays
2033.2	2262	total-appeal-of-a-string
1308.9	2264	largest-3-same-digit-number-in-string
1472.8	2265	count-nodes-equal-to-average-of-subtree
1856.9	2266	count-number-of-texts
2084.6	2267	check-if-there-is-a-valid-parentheses-string-path
1279.8	2269	find-the-k-beauty-of-a-number
1334.1	2270	number-of-ways-to-split-array
2021.8	2271	maximum-white-tiles-covered-by-a-carpet
2515.8	2272	substring-with-largest-variance
1294.6	2273	find-resultant-array-after-removing-anagrams
1332.6	2274	maximum-consecutive-floors-without-special-floors
1642.1	2275	largest-combination-with-bitwise-and-greater-than-zero
2222.5	2276	count-integers-in-intervals
1161.8	2278	percentage-of-letter-in-string
1249.3	2279	maximum-bags-with-full-capacity-of-rocks
1680.9	2280	minimum-lines-to-represent-a-line-chart
2621.1	2281	sum-of-total-strength-of-wizards
1253.5	2283	check-if-number-has-equal-digit-count-and-digit-value
1347.0	2284	sender-with-largest-word-count
1496.3	2285	maximum-total-importance-of-roads
2470.2	2286	booking-concert-tickets-in-groups
1299.8	2287	rearrange-characters-to-make-target-string
1577.1	2288	apply-discount-to-prices
2481.9	2289	steps-to-make-array-non-decreasing
2137.6	2290	minimum-obstacle-removal-to-reach-corner
1241.1	2293	min-max-game
1416.4	2294	partition-array-such-that-maximum-difference-is-k
1445.1	2295	replace-elements-in-an-array
1911.8	2296	design-a-text-editor
1241.5	2299	strong-password-checker-ii
1476.9	2300	successful-pairs-of-spells-and-potions
1860.5	2301	match-substring-after-replacement
1808.3	2302	count-subarrays-with-score-less-than-k
1283.6	2303	calculate-amount-paid-in-taxes
1658.4	2304	minimum-path-cost-in-a-grid
1886.7	2305	fair-distribution-of-cookies
2305.4	2306	naming-a-company
1242.9	2309	greatest-english-letter-in-upper-and-lower-case
1559.0	2310	sum-of-numbers-with-units-digit-k
1839.9	2311	longest-binary-subsequence-less-than-or-equal-to-k
2363.0	2312	selling-pieces-of-wood
1250.9	2315	count-asterisks
1604.1	2316	count-unreachable-pairs-of-nodes-in-an-undirected-graph
1678.6	2317	maximum-xor-after-operations
2090.4	2318	number-of-distinct-roll-sequences
1200.9	2319	check-if-matrix-is-x-matrix
1607.7	2320	count-number-of-ways-to-place-houses
1790.6	2321	maximum-score-of-spliced-array
2391.7	2322	minimum-score-after-removals-on-a-tree
1268.0	2325	decode-the-message
1421.7	2326	spiral-matrix-iv
1893.5	2327	number-of-people-aware-of-a-secret
2001.2	2328	number-of-increasing-paths-in-a-grid
1303.6	2331	evaluate-boolean-binary-tree
1840.9	2332	the-latest-time-to-catch-a-bus
2011.0	2333	minimum-sum-of-squared-difference
2381.2	2334	subarray-with-elements-greater-than-varying-threshold
1360.4	2335	minimum-amount-of-time-to-fill-cups
1375.0	2336	smallest-number-in-infinite-set
1693.4	2337	move-pieces-to-obtain-a-string
2615.1	2338	count-the-number-of-ideal-arrays
1184.8	2341	maximum-number-of-pairs-in-array
1309.0	2342	max-sum-of-a-pair-with-equal-sum-of-digits
1651.6	2343	query-kth-smallest-trimmed-number
1640.9	2344	minimum-deletions-to-make-array-divisible
1241.6	2347	best-poker-hand
1315.9	2348	number-of-zero-filled-subarrays
1540.2	2349	design-a-number-container-system
1960.6	2350	shortest-impossible-sequence-of-rolls
1155.5	2351	first-letter-to-appear-twice
1286.4	2352	equal-row-and-column-pairs
1781.8	2353	design-a-food-rating-system
2075.9	2354	number-of-excellent-pairs
1225.4	2357	make-array-zero-by-subtracting-equal-amounts
1502.5	2358	maximum-number-of-groups-entering-a-competition
1715.0	2359	find-closest-node-to-given-two-nodes
1897.2	2360	longest-cycle-in-a-graph
1270.7	2363	merge-similar-items
1622.2	2364	count-number-of-bad-pairs
1622.8	2365	task-scheduler-ii
2060.4	2366	minimum-replacements-to-sort-the-array
1203.1	2367	number-of-arithmetic-triplets
1476.9	2368	reachable-nodes-with-restrictions
1779.7	2369	check-if-there-is-a-valid-partition-for-the-array
1834.9	2370	longest-ideal-subsequence
1331.4	2373	largest-local-values-in-a-matrix
1419.0	2374	node-with-highest-edge-score
1641.9	2375	construct-smallest-number-from-di-string
2120.4	2376	count-special-integers
1360.1	2379	minimum-recolors-to-get-k-consecutive-black-blocks
1481.1	2380	time-needed-to-rearrange-a-binary-string
1793.3	2381	shifting-letters-ii
2136.3	2382	maximum-segment-sum-after-removals
1413.4	2383	minimum-hours-of-training-to-win-a-competition
1636.5	2384	largest-palindromic-number
1711.5	2385	amount-of-time-for-binary-tree-to-be-infected
2647.8	2386	find-the-k-sum-of-an-array
1387.7	2389	longest-subsequence-with-limited-sum
1347.9	2390	removing-stars-from-a-string
1455.9	2391	minimum-amount-of-time-to-collect-garbage
1960.6	2392	build-a-matrix-with-conditions
1249.8	2395	find-subarrays-with-equal-sum
1328.5	2396	strictly-palindromic-number
1718.8	2397	maximum-rows-covered-by-columns
1917.2	2398	maximum-number-of-robots-within-budget
1243.6	2399	check-distances-between-same-letters
1751.1	2400	number-of-ways-to-reach-a-position-after-exactly-k-steps
1749.5	2401	longest-nice-subarray
2092.9	2402	meeting-rooms-iii
1259.3	2404	most-frequent-even-element
1355.4	2405	optimal-partition-of-string
1713.4	2406	divide-intervals-into-minimum-number-of-groups
2280.3	2407	longest-increasing-subsequence-ii
1562.1	2409	count-days-spent-together
1381.1	2410	maximum-matching-of-players-with-trainers
1938.1	2411	smallest-subarrays-with-maximum-bitwise-or
2092.0	2412	minimum-money-required-before-transactions
1145.0	2413	smallest-even-multiple
1221.8	2414	length-of-the-longest-alphabetical-continuous-substring
1431.1	2415	reverse-odd-levels-of-binary-tree
1725.2	2416	sum-of-prefix-scores-of-strings
1193.1	2418	sort-the-people
1495.5	2419	longest-subarray-with-maximum-bitwise-and
1695.1	2420	find-all-good-indices
2444.7	2421	number-of-good-paths
1648.4	2423	remove-letter-to-equalize-frequency
1604.2	2424	longest-uploaded-prefix
1622.4	2425	bitwise-xor-of-all-pairings
2030.1	2426	number-of-pairs-satisfying-inequality
1172.1	2427	number-of-common-factors
1289.9	2428	maximum-sum-of-an-hourglass
1532.3	2429	minimize-xor
2101.9	2430	maximum-deletions-on-a-string
1266.7	2432	the-employee-that-worked-on-the-longest-task
1366.7	2433	find-the-original-array-of-prefix-xor
1953.1	2434	using-a-robot-to-print-the-lexicographically-smallest-string
1951.6	2435	paths-in-matrix-whose-sum-is-divisible-by-k
1427.0	2437	number-of-valid-clock-times
1609.8	2438	range-product-queries-of-powers
1965.1	2439	minimize-maximum-of-array
2460.3	2440	create-components-with-same-value
1167.6	2441	largest-positive-integer-that-exists-with-its-negative
1218.9	2442	count-number-of-distinct-integers-after-reverse-operations
1376.0	2443	sum-of-number-and-its-reverse
2092.5	2444	count-subarrays-with-fixed-bounds
1322.4	2446	determine-if-two-events-have-conflict
1602.8	2447	number-of-subarrays-with-gcd-equal-to-k
2005.4	2448	minimum-cost-to-make-array-equal
2076.0	2449	minimum-number-of-operations-to-make-arrays-similar
1406.1	2451	odd-string-difference
1459.8	2452	words-within-two-edits-of-dictionary
1761.9	2453	destroy-sequential-targets
2175.1	2454	next-greater-element-iv
1151.3	2455	average-value-of-even-numbers-that-are-divisible-by-three
1548.2	2456	most-popular-video-creator
1680.1	2457	minimum-addition-to-make-integer-beautiful
2298.6	2458	height-of-binary-tree-after-subtree-removal-queries
1223.9	2460	apply-operations-to-an-array
1552.9	2461	maximum-sum-of-distinct-subarrays-with-length-k
1763.6	2462	total-cost-to-hire-k-workers
2453.9	2463	minimum-total-distance-traveled
1250.1	2465	number-of-distinct-averages
1694.4	2466	count-ways-to-build-good-strings
2053.4	2467	most-profitable-path-in-a-tree
2381.6	2468	split-message-based-on-limit
1153.4	2469	convert-the-temperature
1560.0	2470	number-of-subarrays-with-lcm-equal-to-k
1635.2	2471	minimum-number-of-operations-to-sort-a-binary-tree-by-level
2013.4	2472	maximum-number-of-non-overlapping-palindrome-substrings
1255.5	2475	number-of-unequal-triplets-in-array
1597.0	2476	closest-nodes-queries-in-a-binary-search-tree
2012.0	2477	minimum-fuel-cost-to-report-to-the-capital
2344.4	2478	number-of-beautiful-partitions
1246.0	2481	minimum-cuts-to-divide-a-circle
1372.5	2482	difference-between-ones-and-zeros-in-row-and-column
1494.5	2483	minimum-penalty-for-a-shop
2223.2	2484	count-palindromic-subsequences
1207.3	2485	find-the-pivot-integer
1362.7	2486	append-characters-to-string-to-make-subsequence
1454.6	2487	remove-nodes-from-linked-list
1998.9	2488	count-subarrays-with-median-k
1262.9	2490	circular-sentence
1323.2	2491	divide-players-into-teams-of-equal-skill
1679.6	2492	minimum-score-of-a-path-between-two-cities
2415.3	2493	divide-nodes-into-the-maximum-number-of-groups
1292.9	2496	maximum-value-of-a-string-in-an-array
1682.2	2497	maximum-star-sum-of-a-graph
1759.0	2498	frog-jump-ii
2633.0	2499	minimum-total-cost-to-make-arrays-unequal
1309.7	2500	delete-greatest-value-in-each-row
1480.0	2501	longest-square-streak-in-an-array
1745.5	2502	design-memory-allocator
2195.7	2503	maximum-number-of-points-from-grid-queries
1335.5	2506	count-pairs-of-similar-strings
1499.6	2507	smallest-value-after-replacing-with-sum-of-prime-factors
2060.1	2508	add-edges-to-make-degrees-of-all-nodes-even
1948.5	2509	cycle-length-queries-in-a-tree
1450.1	2511	maximum-enemy-forts-that-can-be-captured
1636.7	2512	reward-top-k-students
2302.4	2513	minimize-the-maximum-of-two-arrays
2069.8	2514	count-anagrams
1367.0	2515	shortest-distance-to-target-string-in-a-circular-array
1947.9	2516	take-k-of-each-character-from-left-and-right
2020.7	2517	maximum-tastiness-of-candy-basket
2414.6	2518	number-of-great-partitions
1260.9	2520	count-the-digits-that-divide-a-number
1413.0	2521	distinct-prime-factors-of-product-of-array
1604.5	2522	partition-string-into-substrings-with-values-at-most-k
1649.7	2523	closest-prime-numbers-in-range
1301.4	2525	categorize-box-according-to-criteria
1444.3	2526	find-consecutive-integers-from-a-data-stream
1549.9	2527	find-xor-beauty-of-array
2235.6	2528	maximize-the-minimum-powered-city
1196.0	2529	maximum-count-of-positive-integer-and-negative-integer
1386.1	2530	maximal-score-after-applying-k-operations
1775.9	2531	make-number-of-distinct-characters-equal
2588.9	2532	time-to-cross-a-bridge
1222.2	2535	difference-between-element-sum-and-digit-sum-of-an-array
1583.3	2536	increment-submatrices-by-one
1891.8	2537	count-the-number-of-good-subarrays
2398.0	2538	difference-between-maximum-and-minimum-price-sum
1249.8	2540	minimum-common-value
1619.5	2541	minimum-operations-to-make-array-equal-ii
2056.3	2542	maximum-subsequence-score
2220.8	2543	check-if-point-is-reachable
1184.3	2544	alternating-digit-sum
1294.0	2545	sort-the-students-by-their-kth-score
1604.6	2546	apply-bitwise-operations-to-make-strings-equal
2020.0	2547	minimum-cost-to-split-an-array
1265.8	2549	count-distinct-numbers-on-board
1662.7	2550	count-collisions-of-monkeys-on-a-polygon
2042.4	2551	put-marbles-in-bags
2432.7	2552	count-increasing-quadruplets
1216.6	2553	separate-the-digits-in-an-array
1333.2	2554	maximum-number-of-integers-to-choose-from-a-range-i
2080.8	2555	maximize-win-from-two-segments
2368.7	2556	disconnect-path-in-a-binary-matrix-by-at-most-one-flip
1276.8	2558	take-gifts-from-the-richest-pile
1435.0	2559	count-vowel-strings-in-ranges
2081.2	2560	house-robber-iv
2221.8	2561	rearranging-fruits
1259.9	2562	find-the-array-concatenation-value
1720.7	2563	count-the-number-of-fair-pairs
1959.3	2564	substring-xor-queries
2432.4	2565	subsequence-with-the-minimum-score
1396.1	2566	maximum-difference-by-remapping-a-digit
1608.6	2567	minimum-score-by-changing-two-elements
1754.2	2568	minimum-impossible-or
2397.9	2569	handling-sum-queries-after-update
1281.1	2570	merge-two-2d-arrays-by-summing-values
1649.2	2571	minimum-operations-to-reduce-an-integer-to-0
2419.6	2572	count-the-number-of-square-free-subsets
2681.7	2573	find-the-string-with-lcp
1206.1	2574	left-and-right-sum-differences
1541.4	2575	find-the-divisibility-array-of-a-string
1843.2	2576	find-the-maximum-number-of-marked-indices
2381.6	2577	minimum-time-to-visit-a-cell-in-a-grid
1350.6	2578	split-with-minimum-sum
1356.4	2579	count-total-number-of-colored-cells
1631.6	2580	count-ways-to-group-overlapping-ranges
2228.3	2581	count-number-of-possible-root-nodes
1278.0	2582	pass-the-pillow
1374.4	2583	kth-largest-sum-in-a-binary-tree
2159.5	2584	split-the-array-to-make-coprime-products
1909.6	2585	number-of-ways-to-earn-points
1178.7	2586	count-the-number-of-vowel-strings-in-range
1336.8	2587	rearrange-array-to-maximize-prefix-score
1696.9	2588	count-the-number-of-beautiful-subarrays
2380.6	2589	minimum-time-to-complete-all-tasks
1530.6	2591	distribute-money-to-maximum-children
1569.2	2592	maximize-greatness-of-an-array
1665.2	2593	find-score-of-an-array-after-marking-all-elements
1915.3	2594	minimum-time-to-repair-cars
1206.6	2595	number-of-even-and-odd-bits
1448.2	2596	check-knight-tour-configuration
2023.4	2597	the-number-of-beautiful-subsets
1845.7	2598	smallest-missing-non-negative-integer-after-operations
1434.2	2600	k-items-with-the-maximum-sum
1779.1	2601	prime-subtraction-operation
1903.2	2602	minimum-operations-to-make-all-array-elements-equal
2711.9	2603	collect-coins-in-a-tree
1241.6	2605	form-smallest-number-from-two-digit-arrays
1422.3	2606	find-the-substring-with-maximum-cost
2071.3	2607	make-k-subarray-sums-equal
1904.2	2608	shortest-cycle-in-a-graph
1348.6	2609	find-the-longest-balanced-substring-of-a-binary-string
1373.9	2610	convert-an-array-into-a-2d-array-with-conditions
1663.5	2611	mice-and-cheese
2824.5	2612	minimum-reverse-operations
1375.4	2614	prime-in-diagonal
1793.3	2615	sum-of-distances
2155.3	2616	minimize-the-maximum-difference-of-pairs
2582.0	2617	minimum-number-of-visited-cells-in-a-grid
1282.5	2639	find-the-width-of-columns-of-a-grid
1314.4	2640	find-the-score-of-all-prefixes-of-an-array
1676.5	2641	cousins-in-binary-tree-ii
1810.6	2642	design-graph-with-shortest-path-calculator
1174.3	2643	row-with-maximum-ones
1257.8	2644	find-the-maximum-divisibility-score
1477.8	2645	minimum-additions-to-make-valid-string
2238.3	2646	minimize-the-total-price-of-the-trips
1168.6	2651	calculate-delayed-arrival-time
1182.3	2652	sum-multiples
1785.6	2653	sliding-subarray-beauty
1928.8	2654	minimum-number-of-operations-to-make-all-array-elements-equal-to-1
1213.4	2656	maximum-sum-with-exactly-k-elements
1304.1	2657	find-the-prefix-common-array-of-two-arrays
1489.7	2658	maximum-number-of-fish-in-a-grid
2281.9	2659	make-array-empty
1324.2	2660	determine-the-winner-of-a-bowling-game
1502.7	2661	first-completely-painted-row-or-column
2153.9	2662	minimum-cost-of-a-path-with-special-roads
2415.7	2663	lexicographically-smallest-beautiful-string
1266.5	2670	find-the-distinct-difference-array
1509.6	2671	frequency-tracker
1705.3	2672	number-of-adjacent-elements-with-the-same-color
1917.1	2673	make-costs-of-paths-equal-in-a-binary-tree
1198.8	2678	number-of-senior-citizens
1333.0	2679	sum-in-a-matrix
1912.2	2680	maximum-or
2060.1	2681	power-of-heroes
1382.7	2682	find-the-losers-of-the-circular-game
1517.8	2683	neighboring-bitwise-xor
1626.0	2684	maximum-number-of-moves-in-a-grid
1769.4	2685	count-the-number-of-complete-components
1282.4	2696	minimum-string-length-after-removing-substrings
1303.7	2697	lexicographically-smallest-palindrome
1678.6	2698	find-the-punishment-number-of-an-integer
2874.0	2699	modify-graph-edge-weights
1207.7	2706	buy-two-chocolates
1735.9	2707	extra-characters-in-a-string
1502.3	2708	maximum-strength-of-a-group
2172.0	2709	greatest-common-divisor-traversal
1164.6	2710	remove-trailing-zeros-from-a-string
1428.7	2711	difference-of-number-of-distinct-values-on-diagonals
1791.0	2712	minimum-cost-to-make-all-characters-equal
2387.4	2713	maximum-strictly-increasing-cells-in-a-matrix
1242.9	2716	minimize-string-length
1295.8	2717	semi-ordered-permutation
1768.9	2718	sum-of-matrix-after-queries
2354.5	2719	count-of-integers
1227.9	2729	check-if-the-number-is-fascinating
1501.9	2730	find-the-longest-semi-repetitive-substring
1923.0	2731	movement-of-robots
2239.7	2732	find-a-good-subset-of-the-matrix
1147.8	2733	neither-minimum-nor-maximum
1405.1	2734	lexicographically-smallest-string-after-substring-operation
2043.1	2735	collecting-chocolates
2533.3	2736	maximum-sum-queries
1262.1	2739	total-distance-traveled
1301.9	2740	find-the-value-of-the-partition
2020.7	2741	special-permutations
2424.7	2742	painting-the-walls
1405.9	2744	find-maximum-number-of-string-pairs
1607.4	2745	construct-the-longest-new-string
2126.2	2746	decremental-string-concatenation
2405.3	2747	count-zero-request-servers
1301.2	2748	number-of-beautiful-pairs
2132.1	2749	minimum-operations-to-make-the-integer-zero
1597.6	2750	ways-to-split-array-into-good-subarrays
2091.6	2751	robot-collisions
1420.4	2760	longest-even-odd-subarray-with-threshold
1504.9	2761	prime-pairs-with-target-sum
1940.2	2762	continuous-subarrays
2277.8	2763	sum-of-imbalance-numbers-of-all-subarrays
1581.0	2765	longest-alternating-subarray
1613.2	2766	relocate-marbles
1864.6	2767	partition-string-into-minimum-beautiful-substrings
2175.8	2768	number-of-black-blocks
1191.4	2769	find-the-maximum-achievable-number
1533.5	2770	maximum-number-of-jumps-to-reach-the-last-index
1791.5	2771	longest-non-decreasing-subarray-from-two-arrays
2029.4	2772	apply-operations-to-make-all-array-elements-equal-to-zero
1151.9	2778	sum-of-squares-of-special-elements
1638.4	2779	maximum-beauty-of-an-array-after-applying-operation
1550.0	2780	minimum-index-of-a-valid-split
2203.6	2781	length-of-the-longest-valid-substring
1376.2	2784	check-if-array-is-good
1266.5	2785	sort-vowels-in-a-string
1732.5	2786	visit-array-positions-to-maximize-score
1817.5	2787	ways-to-express-an-integer-as-sum-of-powers
1239.2	2788	split-strings-by-separator
1484.8	2789	largest-element-in-an-array-after-merge-operations
2619.7	2790	maximum-number-of-groups-with-increasing-length
2677.2	2791	count-paths-that-can-form-a-palindrome-in-a-tree
1142.0	2798	number-of-employees-who-met-the-target
1398.0	2799	count-complete-subarrays-in-an-array
1855.6	2800	shortest-string-that-contains-three-strings
2367.5	2801	count-stepping-numbers-in-range
1214.7	2806	account-balance-after-rounded-purchase
1279.0	2807	insert-greatest-common-divisors-in-linked-list
1875.4	2808	minimum-seconds-to-equalize-a-circular-array
2978.8	2809	minimum-time-to-make-array-sum-at-most-x
1193.0	2810	faulty-keyboard
1543.1	2811	check-if-it-is-possible-to-split-array
2153.6	2812	find-the-safest-path-in-a-grid
2582.1	2813	maximum-elegance-of-a-k-length-subsequence
1295.1	2815	max-pair-sum-in-an-array
1393.8	2816	double-a-number-represented-as-a-linked-list
1889.5	2817	minimum-absolute-difference-between-elements-with-constraint
2396.7	2818	apply-operations-to-maximize-score
1165.9	2824	count-pairs-whose-sum-is-less-than-target
1414.6	2825	make-string-a-subsequence-using-cyclic-increments
1721.2	2826	sorting-three-groups
2324.1	2827	number-of-beautiful-integers-in-the-range
1152.0	2828	check-if-a-string-is-an-acronym-of-words
1347.2	2829	determine-the-minimum-sum-of-a-k-avoiding-array
1851.3	2830	maximize-the-profit-as-the-salesman
1976.0	2831	find-the-longest-equal-subarray
1294.3	2833	furthest-point-from-origin
1409.2	2834	find-the-minimum-possible-sum-of-a-beautiful-array
2207.5	2835	minimum-operations-to-form-subsequence-with-target-sum
2768.8	2836	maximize-value-of-function-in-a-ball-passing-game
1285.2	2839	check-if-strings-can-be-made-equal-with-operations-i
1486.2	2840	check-if-strings-can-be-made-equal-with-operations-ii
1546.0	2841	maximum-sum-of-almost-unique-subarray
2091.7	2842	count-k-subsequences-of-a-string-with-maximum-beauty
1269.8	2843	count-symmetric-integers
1588.5	2844	minimum-operations-to-make-a-special-number
2073.0	2845	count-of-interesting-subarrays
2508.0	2846	minimum-edge-weight-equilibrium-queries-in-a-tree
1229.8	2848	points-that-intersect-with-cars
1515.1	2849	determine-if-a-cell-is-reachable-at-a-given-time
2001.5	2850	minimum-moves-to-spread-stones-over-grid
2857.7	2851	string-transformation
1379.3	2855	minimum-right-shifts-to-sort-the-array
1750.0	2856	minimum-array-length-after-pair-removals
2081.7	2857	count-pairs-of-points-with-distance-k
2294.8	2858	minimum-edge-reversals-so-every-node-is-reachable
1218.1	2859	sum-of-values-at-indices-with-k-set-bits
1625.7	2860	happy-students
1981.3	2861	maximum-number-of-alloys
2291.7	2862	maximum-element-sum-of-a-complete-subset-of-indices
1237.7	2864	maximum-odd-binary-number
1519.2	2865	beautiful-towers-i
2071.6	2866	beautiful-towers-ii
2428.3	2867	count-valid-paths-in-a-tree
1272.3	2869	minimum-operations-to-collect-elements
1392.4	2870	minimum-number-of-operations-to-make-array-empty
1749.5	2871	split-array-into-maximum-number-of-subarrays
1967.6	2872	maximum-number-of-k-divisible-components
1270.1	2873	maximum-value-of-an-ordered-triplet-i
1583.2	2874	maximum-value-of-an-ordered-triplet-ii
1913.9	2875	minimum-size-subarray-in-infinite-array
2209.9	2876	count-visited-nodes-in-a-directed-graph
1140.1	2894	divisible-and-non-divisible-sums-difference
1351.7	2895	minimum-processing-time
2172.4	2896	apply-operations-to-make-two-strings-equal
2301.4	2897	apply-operations-on-array-to-maximize-sum-of-squares
1372.5	2899	last-visited-integers
1468.9	2900	longest-unequal-adjacent-groups-subsequence-i
1898.8	2901	longest-unequal-adjacent-groups-subsequence-ii
2759.0	2902	count-of-sub-multisets-with-bounded-sum
1157.6	2903	find-indices-with-index-and-value-difference-i
1483.3	2904	shortest-and-lexicographically-smallest-beautiful-string
1763.8	2905	find-indices-with-index-and-value-difference-ii
2074.8	2906	construct-product-matrix
1253.5	2908	minimum-sum-of-mountain-triplets-i
1478.9	2909	minimum-sum-of-mountain-triplets-ii
2132.2	2910	minimum-number-of-groups-to-create-a-valid-assignment
2607.9	2911	minimum-changes-to-make-k-semi-palindromes
1297.4	2913	subarrays-distinct-element-sum-of-squares-i
1479.7	2914	minimum-number-of-changes-to-make-binary-string-beautiful
1658.8	2915	length-of-the-longest-subsequence-that-sums-to-target
2816.1	2916	subarrays-distinct-element-sum-of-squares-ii
1388.5	2917	find-the-k-or-of-an-array
1526.2	2918	minimum-equal-sum-of-two-arrays-after-replacing-zeros
2030.9	2919	minimum-increment-operations-to-make-array-beautiful
2350.7	2920	maximum-points-after-collecting-coins-from-all-nodes
1235.6	2923	find-champion-i
1430.3	2924	find-champion-ii
1939.6	2925	maximum-score-after-applying-operations-on-a-tree
2448.4	2926	maximum-balanced-subsequence-sum
1393.4	2928	distribute-candies-among-children-i
1701.4	2929	distribute-candies-among-children-ii
2227.4	2930	number-of-strings-which-can-be-rearranged-to-contain-substring
1822.3	2931	maximum-spending-after-buying-items
1246.4	2932	maximum-strong-pair-xor-i
1536.6	2933	high-access-employees
1802.8	2934	minimum-operations-to-maximize-last-elements-in-arrays
2348.7	2935	maximum-strong-pair-xor-ii
1347.6	2937	make-three-strings-equal
1422.7	2938	separate-black-and-white-balls
2127.5	2939	maximum-xor-product
2327.5	2940	find-building-where-alice-and-bob-can-meet
1182.2	2942	find-words-containing-character
1677.5	2943	maximize-area-of-square-hole-in-grid
1709.0	2944	minimum-number-of-coins-for-fruits
2943.2	2945	find-maximum-non-decreasing-array-length
1405.8	2946	matrix-similarity-after-cyclic-shifts
1450.9	2947	count-beautiful-substrings-i
2047.4	2948	make-lexicographically-smallest-array-by-swapping-elements
2444.7	2949	count-beautiful-substrings-ii
1189.4	2951	find-the-peaks
1784.4	2952	minimum-number-of-coins-to-be-added
2449.3	2953	count-complete-substrings
2644.8	2954	count-the-number-of-infection-sequences
1214.5	2956	find-common-elements-between-two-arrays
1430.0	2957	remove-adjacent-almost-equal-characters
1535.4	2958	length-of-longest-subarray-with-at-most-k-frequency
2077.5	2959	number-of-possible-sets-of-closing-branches
1169.4	2960	count-tested-devices-after-test-operations
1450.7	2961	double-modular-exponentiation
1700.9	2962	count-subarrays-where-max-element-appears-at-least-k-times
1985.0	2963	count-the-number-of-good-partitions
1244.8	2965	find-missing-and-repeated-values
1396.0	2966	divide-array-into-arrays-with-max-difference
2116.3	2967	minimum-cost-to-make-array-equalindromic
2444.3	2968	apply-operations-to-maximize-frequency-score
1563.2	2970	count-the-number-of-incremovable-subarrays-i
1521.2	2971	find-polygon-with-the-largest-perimeter
2152.8	2972	count-the-number-of-incremovable-subarrays-ii
2276.9	2973	find-number-of-coins-to-place-in-tree-nodes
1184.8	2974	minimum-number-game
1873.0	2975	maximum-square-area-by-removing-fences-from-a-field
1882.1	2976	minimum-cost-to-convert-string-i
2695.8	2977	minimum-cost-to-convert-string-ii
1233.5	2980	check-if-bitwise-or-has-trailing-zeros
1505.3	2981	find-longest-special-substring-that-occurs-thrice-i
1773.0	2982	find-longest-special-substring-that-occurs-thrice-ii
2779.8	2983	palindrome-rearrangement-queries
1405.7	2996	smallest-missing-integer-greater-than-sequential-prefix-sum
1524.6	2997	minimum-number-of-operations-to-make-array-xor-equal-to-k
1794.6	2998	minimum-number-of-operations-to-make-x-and-y-equal
2351.2	2999	count-the-number-of-powerful-integers
1249.8	3000	maximum-area-of-longest-diagonal-rectangle
1796.5	3001	minimum-moves-to-capture-the-queen
1917.4	3002	maximum-size-of-a-set-after-removals
3039.3	3003	maximize-the-number-of-partitions-after-operations
1217.0	3005	count-elements-with-maximum-frequency
1480.1	3006	find-beautiful-indices-in-the-given-array-i
2258.0	3007	maximum-number-that-sum-of-the-prices-is-less-than-or-equal-to-k
2016.2	3008	find-beautiful-indices-in-the-given-array-ii
1291.7	3010	divide-an-array-into-subarrays-with-minimum-cost-i
1496.6	3011	find-if-array-can-be-sorted
1832.7	3012	minimize-length-of-array-using-operations
2540.4	3013	divide-an-array-into-subarrays-with-minimum-cost-ii
1324.2	3014	minimum-number-of-pushes-to-type-word-i
1657.5	3015	count-the-number-of-houses-at-a-certain-distance-i
1533.6	3016	minimum-number-of-pushes-to-type-word-ii
2709.4	3017	count-the-number-of-houses-at-a-certain-distance-ii
1175.6	3019	number-of-changing-keys
1741.4	3020	find-the-maximum-number-of-elements-in-subset
1581.4	3021	alice-and-bob-playing-flower-game
2917.8	3022	minimize-or-of-remaining-elements-using-operations
1134.8	3024	type-of-triangle
1707.4	3025	find-the-number-of-ways-to-place-people-i
1816.6	3026	maximum-good-subarray-sum
2020.2	3027	find-the-number-of-ways-to-place-people-ii
1115.8	3028	ant-on-the-boundary
1659.6	3029	minimum-time-to-revert-word-to-initial-state-i
1896.4	3030	find-the-grid-of-region-average
2278.0	3031	minimum-time-to-revert-word-to-initial-state-ii
1180.6	3033	modify-the-matrix
1383.8	3034	number-of-subarrays-that-match-a-pattern-i
1856.6	3035	maximum-palindromes-after-operations
1894.5	3036	number-of-subarrays-that-match-a-pattern-ii
1201.8	3038	maximum-number-of-operations-with-the-same-score-i
1423.5	3039	apply-operations-to-make-string-empty
1708.7	3040	maximum-number-of-operations-with-the-same-score-ii
2231.2	3041	maximize-consecutive-elements-in-an-array-after-modification
1214.2	3042	count-prefix-and-suffix-pairs-i
1688.6	3043	find-the-length-of-the-longest-common-prefix
1737.2	3044	most-frequent-prime
2327.6	3045	count-prefix-and-suffix-pairs-ii
1212.2	3046	split-the-array
1601.7	3047	find-the-largest-area-of-square-inside-two-rectangles
2262.6	3048	earliest-second-to-mark-indices-i
3111.1	3049	earliest-second-to-mark-indices-ii
1149.8	3065	minimum-operations-to-exceed-threshold-value-i
1399.5	3066	minimum-operations-to-exceed-threshold-value-ii
1908.9	3067	count-pairs-of-connectable-servers-in-a-weighted-tree-network
2267.7	3068	find-the-maximum-sum-of-node-values
1203.8	3069	distribute-elements-into-two-arrays-i
1498.7	3070	count-submatrices-with-top-left-element-and-sum-less-than-k
1689.8	3071	minimum-operations-to-write-the-letter-y-on-a-grid
2052.9	3072	distribute-elements-into-two-arrays-ii
1197.5	3074	apple-redistribution-into-boxes
1325.8	3075	maximize-happiness-of-selected-children
1635.2	3076	shortest-uncommon-substring-in-an-array
2556.5	3077	maximum-strength-of-k-disjoint-subarrays
1190.6	3079	find-the-sum-of-encrypted-integers
1607.9	3080	mark-elements-on-array-by-performing-queries
1904.7	3081	replace-question-marks-in-string-to-minimize-its-value
2241.7	3082	find-the-sum-of-the-power-of-all-subsequences
1173.0	3083	existence-of-a-substring-in-a-string-and-its-reverse
1323.8	3084	count-substrings-starting-and-ending-with-given-character
1764.7	3085	minimum-deletions-to-make-string-k-special
2672.8	3086	minimum-moves-to-pick-k-ones
1329.5	3090	maximum-length-substring-with-two-occurrences
1521.7	3091	apply-operations-to-make-sum-of-array-greater-than-or-equal-to-k
1793.1	3092	most-frequent-ids
2118.4	3093	longest-common-suffix-queries
1368.7	3095	shortest-subarray-with-or-at-least-k-i
1500.9	3096	minimum-levels-to-gain-more-points
1891.4	3097	shortest-subarray-with-or-at-least-k-ii
2552.5	3098	find-the-sum-of-subsequence-powers
1100.5	3099	harshad-number
1366.3	3100	water-bottles-ii
1405.0	3101	count-alternating-subarrays
2215.7	3102	minimize-manhattan-distances
1217.0	3105	longest-strictly-increasing-or-strictly-decreasing-subarray
1515.4	3106	lexicographically-smallest-string-after-operations-with-constraint
1605.0	3107	minimum-operations-to-make-median-of-array-equal-to-k
2108.5	3108	minimum-cost-walk-in-weighted-graph
1152.3	3110	score-of-a-string
1401.3	3111	minimum-rectangles-to-cover-points
1757.0	3112	minimum-time-to-visit-disappearing-nodes
2046.3	3113	find-the-number-of-subarrays-where-boundary-elements-are-maximum
1290.9	3114	latest-time-you-can-obtain-after-replacing-characters
1294.5	3115	maximum-prime-difference
2387.9	3116	kth-smallest-amount-with-single-denomination-combination
2735.1	3117	minimum-sum-of-values-by-dividing-array
1205.9	3120	count-the-number-of-special-characters-i
1411.6	3121	count-the-number-of-special-characters-ii
1904.5	3122	minimum-number-of-operations-to-satisfy-conditions
2093.0	3123	find-edges-in-shortest-paths
1337.7	3127	make-a-square-with-the-same-color
1540.8	3128	right-triangles
2200.1	3129	find-all-possible-stable-binary-arrays-i
2824.7	3130	find-all-possible-stable-binary-arrays-ii
1160.6	3131	find-the-integer-added-to-array-i
1620.2	3132	find-the-integer-added-to-array-ii
1934.8	3133	minimum-array-end
2451.2	3134	find-the-median-of-the-uniqueness-array
1249.7	3136	valid-word
1491.2	3137	minimum-number-of-operations-to-make-word-k-periodic
1979.5	3138	minimum-length-of-anagram-concatenation
2666.1	3139	minimum-cost-to-equalize-array
1303.0	3142	check-if-grid-satisfies-conditions
1696.9	3143	maximum-points-inside-the-square
1917.2	3144	minimum-substring-partition-of-equal-character-frequency
2859.3	3145	find-products-of-elements-of-big-array
1152.4	3146	permutation-difference-between-two-strings
1460.3	3147	taking-maximum-energy-from-the-mystic-dungeon
1819.7	3148	maximum-difference-score-in-a-grid
2641.6	3149	find-the-minimum-cost-array-permutation
1152.9	3151	special-array-i
1523.3	3152	special-array-ii
1645.0	3153	sum-of-digit-differences-of-all-pairs
2071.3	3154	find-number-of-ways-to-reach-the-k-th-stair
1172.0	3158	find-the-xor-of-numbers-which-appear-twice
1262.9	3159	find-occurrences-of-an-element-in-an-array
1517.3	3160	find-the-number-of-distinct-colors-among-the-balls
2513.0	3161	block-placement-queries
1168.7	3162	find-the-number-of-good-pairs-i
1312.0	3163	string-compression-iii
1777.2	3164	find-the-number-of-good-pairs-ii
2697.6	3165	maximum-sum-of-subsequence-with-non-adjacent-elements
1211.1	3168	minimum-number-of-chairs-in-a-waiting-room
1483.5	3169	count-days-without-meetings
1772.5	3170	lexicographically-minimum-string-after-removing-stars
2162.7	3171	find-subarray-with-bitwise-or-closest-to-k
1255.2	3174	clear-digits
1488.4	3175	find-the-first-player-to-win-k-games-in-a-row
1849.0	3176	find-the-maximum-length-of-a-good-subsequence-i
2364.8	3177	find-the-maximum-length-of-a-good-subsequence-ii
1255.5	3178	find-the-child-who-has-the-ball-after-k-seconds
1369.0	3179	find-the-n-th-value-after-k-seconds
1848.5	3180	maximum-total-reward-using-operations-i
2688.2	3181	maximum-total-reward-using-operations-ii
1149.5	3184	count-pairs-that-form-a-complete-day-i
1385.3	3185	count-pairs-that-form-a-complete-day-ii
1840.5	3186	maximum-total-damage-with-spell-casting
2154.4	3187	peaks-in-array
1139.5	3190	find-minimum-operations-to-make-all-elements-divisible-by-three
1312.0	3191	minimum-operations-to-make-binary-array-elements-equal-to-one-i
1432.8	3192	minimum-operations-to-make-binary-array-elements-equal-to-one-ii
2266.3	3193	count-the-number-of-inversions
1194.6	3194	minimum-average-of-smallest-and-largest-elements
1348.5	3195	find-the-minimum-area-to-cover-all-ones-i
1846.7	3196	maximize-total-cost-of-alternating-subarrays
2540.8	3197	find-the-minimum-area-to-cover-all-ones-ii
1451.1	3200	maximum-height-of-a-triangle
1663.8	3201	find-the-maximum-length-of-valid-subsequence-i
1974.0	3202	find-the-maximum-length-of-valid-subsequence-ii
2266.1	3203	find-minimum-diameter-after-merging-two-trees
1223.7	3206	alternating-groups-i
1591.3	3207	maximum-points-after-enemy-battles
1721.7	3208	alternating-groups-ii
2050.4	3209	number-of-subarrays-with-and-value-of-k
1179.2	3210	find-the-encrypted-string
1352.5	3211	generate-binary-strings-without-adjacent-zeros
1672.8	3212	count-submatrices-with-equal-frequency-of-x-and-y
2170.7	3213	construct-string-with-minimum-cost
1242.8	3216	lexicographically-smallest-string-after-a-swap
1341.7	3217	delete-nodes-from-linked-list-present-in-array
1654.5	3218	minimum-cost-for-cutting-cake-i
1789.4	3219	minimum-cost-for-cutting-cake-ii
1270.0	3222	find-the-winning-player-in-coin-game
1445.1	3223	minimum-length-of-string-after-operations
1996.1	3224	minimum-array-changes-to-make-differences-equal
3027.9	3225	maximum-score-from-grid-operations
1247.4	3226	number-of-bit-changes-to-make-two-integers-equal
1451.8	3227	vowels-game-in-a-string
1593.3	3228	maximum-number-of-operations-to-move-ones-to-the-end
2066.6	3229	minimum-operations-to-make-array-equal-to-target
1163.4	3232	find-if-digit-game-can-be-won
1509.4	3233	find-the-count-of-numbers-which-are-not-special
2557.0	3234	count-the-number-of-substrings-with-dominant-ones
1285.0	3238	find-the-number-of-winning-players
1387.9	3239	minimum-number-of-flips-to-make-binary-grid-palindromic-i
2080.1	3240	minimum-number-of-flips-to-make-binary-grid-palindromic-ii
2521.6	3241	time-taken-to-mark-all-nodes
1334.4	3242	design-neighbor-sum-service
1567.8	3243	shortest-distance-after-road-addition-queries-i
2270.2	3244	shortest-distance-after-road-addition-queries-ii
3112.0	3245	alternating-groups-iii
1171.8	3248	snake-in-matrix
1565.8	3249	count-the-number-of-good-nodes
1897.8	3250	find-the-count-of-monotonic-pairs-i
2323.1	3251	find-the-count-of-monotonic-pairs-ii
1266.5	3254	find-the-power-of-k-size-subarrays-i
1595.1	3255	find-the-power-of-k-size-subarrays-ii
2262.2	3256	maximum-value-sum-by-placing-three-rooks-i
2553.2	3257	maximum-value-sum-by-placing-three-rooks-ii
1258.2	3258	count-substrings-that-satisfy-k-constraint-i
1483.5	3259	maximum-energy-boost-from-two-drinks
2370.4	3260	find-the-largest-palindrome-divisible-by-k
2658.9	3261	count-substrings-that-satisfy-k-constraint-ii
1177.5	3264	final-array-state-after-k-multiplication-operations-i
1661.0	3265	count-almost-equal-pairs-i
2508.7	3266	final-array-state-after-k-multiplication-operations-ii
2545.1	3267	count-almost-equal-pairs-ii
1205.2	3270	find-the-key-of-the-numbers
1292.7	3271	hash-divided-string
2382.2	3272	find-the-count-of-good-integers
2012.9	3273	minimum-amount-of-damage-dealt-to-bob
1162.4	3274	check-if-two-chessboard-squares-have-the-same-color
1419.6	3275	k-th-nearest-obstacle-queries
2402.6	3276	select-cells-in-grid-with-maximum-score
2692.7	3277	maximum-xor-score-subarray-queries
1205.7	3280	convert-date-to-binary
1768.0	3281	maximize-score-of-numbers-in-ranges
1771.7	3282	reach-end-of-array-with-max-score
2473.3	3283	maximum-number-of-moves-to-kill-all-pawns
1166.2	3285	find-indices-of-stable-mountains
1607.8	3286	find-a-safe-walk-through-a-grid
2545.1	3287	find-the-maximum-sequence-value-of-array
2449.6	3288	length-of-the-longest-increasing-path
1163.8	3289	the-two-sneaky-numbers-of-digitville
1692.2	3290	maximum-multiplication-score
2081.7	3291	minimum-number-of-valid-strings-to-form-target-i
2661.7	3292	minimum-number-of-valid-strings-to-form-target-ii
1198.9	3295	report-spam-message
1694.7	3296	minimum-number-of-seconds-to-make-mountain-height-zero
1847.3	3297	count-substrings-that-can-be-rearranged-to-contain-a-string-i
1909.5	3298	count-substrings-that-can-be-rearranged-to-contain-a-string-ii
1181.2	3300	minimum-element-after-replacement-with-digit-sum
1448.2	3301	maximize-the-total-height-of-unique-towers
2473.7	3302	find-the-lexicographically-smallest-valid-sequence
2509.4	3303	find-the-occurrence-of-first-almost-equal-substring
1288.8	3304	find-the-k-th-character-in-string-game-i
1563.7	3305	count-of-substrings-containing-every-vowel-and-k-consonants-i
2200.3	3306	count-of-substrings-containing-every-vowel-and-k-consonants-ii
2232.1	3307	find-the-k-th-character-in-string-game-ii
1363.7	3309	maximum-possible-number-by-binary-concatenation
1710.5	3310	remove-methods-from-project
2664.2	3311	construct-2d-grid-matching-graph-layout
2532.6	3312	sorted-gcd-pair-queries
1378.7	3314	construct-the-minimum-bitwise-array-i
1714.7	3315	construct-the-minimum-bitwise-array-ii
2062.3	3316	find-maximum-removals-from-source-string
2413.5	3317	find-the-number-of-possible-ways-for-an-event
1457.5	3318	find-x-sum-of-all-k-long-subarrays-i
1603.3	3319	k-th-largest-perfect-subtree-size-in-binary-tree
2153.1	3320	count-the-number-of-winning-sequences
2598.5	3321	find-x-sum-of-all-k-long-subarrays-ii
1293.5	3324	find-the-sequence-of-strings-appeared-on-the-screen
1454.6	3325	count-substrings-with-k-frequency-characters-i
1864.5	3326	minimum-division-operations-to-make-array-non-decreasing
2454.2	3327	check-if-dfs-strings-are-palindromes
1338.3	3330	find-the-original-typed-string-i
2046.0	3331	find-subtree-sizes-after-changes
1827.7	3332	maximum-points-tourist-can-earn
2628.6	3333	find-the-original-typed-string-ii
1518.8	3334	find-the-maximum-factor-score-of-array
1806.1	3335	total-characters-in-string-after-transformations-i
2402.5	3336	find-the-number-of-subsequences-with-equal-gcd
2411.8	3337	total-characters-in-string-after-transformations-ii
1190.7	3340	check-balanced-string
1721.5	3341	find-minimum-time-to-reach-last-room-i
1861.7	3342	find-minimum-time-to-reach-last-room-ii
2614.9	3343	count-number-of-balanced-permutations
1235.1	3345	smallest-divisible-digit-product-i
1864.9	3346	maximum-frequency-of-an-element-after-performing-operations-i
2155.6	3347	maximum-frequency-of-an-element-after-performing-operations-ii
3101.5	3348	smallest-divisible-digit-product-ii
1298.9	3349	adjacent-increasing-subarrays-detection-i
1600.0	3350	adjacent-increasing-subarrays-detection-ii
2085.8	3351	sum-of-good-subsequences
2450.6	3352	count-k-reducible-numbers-less-than-n
1397.3	3354	make-array-elements-equal-to-zero
1591.4	3355	zero-array-transformation-i
1913.5	3356	zero-array-transformation-ii
3077.2	3357	minimize-the-maximum-adjacent-element-difference
1267.5	3360	stone-removal-game
1553.2	3361	shift-distance-between-two-strings
2423.9	3362	zero-array-transformation-iii
2404.3	3363	find-the-maximum-number-of-fruits-collected
1300.6	3364	minimum-positive-sum-subarray
1513.5	3365	rearrange-k-substrings-to-form-target-string
2040.2	3366	minimum-array-sum
2601.7	3367	maximize-sum-of-weights-after-edge-removals
1198.6	3370	smallest-number-with-all-set-bits
1643.7	3371	identify-the-largest-outlier-in-an-array
1926.8	3372	maximize-the-number-of-target-nodes-after-connecting-trees-i
2161.6	3373	maximize-the-number-of-target-nodes-after-connecting-trees-ii
1382.8	3375	minimum-operations-to-make-array-values-equal-to-k
1793.2	3376	minimum-time-to-break-locks-i
2186.4	3377	digit-operations-to-make-two-integers-equal
2532.0	3378	count-connected-components-in-lcm-graph
1256.6	3379	transformed-array
1743.1	3380	maximum-area-rectangle-with-point-constraints-i
1943.1	3381	maximum-subarray-sum-with-length-divisible-by-k
2722.9	3382	maximum-area-rectangle-with-point-constraints-ii
1255.5	3386	button-with-longest-push-time
1787.6	3387	maximize-amount-after-two-days-of-conversions
2364.7	3388	count-beautiful-splits-in-an-array
2940.2	3389	minimum-operations-to-make-character-frequencies-equal
1200.7	3392	count-subarrays-of-length-three-with-a-condition
1573.0	3393	count-paths-with-the-given-xor-value
1916.1	3394	check-if-grid-can-be-cut-into-sections
2799.5	3395	subsequences-with-a-unique-middle-mode-i
1299.4	3396	minimum-number-of-operations-to-make-elements-in-array-distinct
1687.1	3397	maximum-number-of-distinct-elements-after-operations
2301.2	3398	smallest-substring-with-identical-characters-i
2375.9	3399	smallest-substring-with-identical-characters-ii
1245.8	3402	minimum-operations-to-make-columns-strictly-increasing
1761.9	3403	find-the-lexicographically-largest-string-from-the-box-i
2445.4	3404	count-special-subsequences
2309.8	3405	count-the-number-of-arrays-with-k-matching-adjacent-elements
1472.7	3407	substring-matching-pattern
1806.5	3408	design-task-manager
2500.1	3409	longest-subsequence-with-decreasing-adjacent-difference
2843.7	3410	maximize-subarray-sum-after-removing-all-occurrences-of-one-element
1443.2	3411	maximum-subarray-with-equal-products
1578.4	3412	find-mirror-score-of-a-string
2373.8	3413	maximum-coins-from-k-consecutive-bags
2723.3	3414	maximum-score-of-non-overlapping-intervals
1290.2	3417	zigzag-grid-traversal-with-skip
1798.2	3418	maximum-amount-of-money-robot-can-earn
2243.2	3419	minimize-the-maximum-edge-weight-of-graph
2854.7	3420	count-non-decreasing-subarrays-after-k-operations
1184.6	3423	maximum-difference-between-adjacent-elements-in-a-circular-array
1503.0	3424	minimum-cost-to-make-arrays-identical
2434.7	3425	longest-special-path
2443.2	3426	manhattan-distances-of-all-arrangements-of-pieces
1215.7	3427	sum-of-variable-length-subarrays
2028.5	3428	maximum-and-minimum-sums-of-at-most-size-k-subsequences
2165.7	3429	paint-house-iv
2645.0	3430	maximum-and-minimum-sums-of-at-most-size-k-subarrays
1199.8	3432	count-partitions-with-even-sum-difference
1745.1	3433	count-mentions-per-user
2093.9	3434	maximum-frequency-after-subarray-operation
3027.9	3435	frequencies-of-shortest-supersequences
1225.6	3438	find-valid-pair-of-adjacent-digits-in-string
1728.8	3439	reschedule-meetings-for-maximum-free-time-i
1997.6	3440	reschedule-meetings-for-maximum-free-time-ii
2764.6	3441	minimum-cost-good-caption
1220.1	3442	maximum-difference-between-even-and-odd-frequency-i
1855.9	3443	maximum-manhattan-distance-after-k-changes
2336.5	3444	minimum-increments-for-target-multiples-in-an-array
2693.6	3445	maximum-difference-between-even-and-odd-frequency-ii
1372.8	3446	sort-matrix-by-diagonals
1730.9	3447	assign-elements-to-groups-with-constraints
2386.8	3448	count-substrings-divisible-by-last-digit
2748.1	3449	maximize-the-minimum-game-score
1199.9	3452	sum-of-good-numbers
1735.4	3453	separate-squares-i
2671.1	3454	separate-squares-ii
2303.2	3455	shortest-matching-substring
1244.4	3456	find-special-substring-of-length-k
1704.1	3457	eat-pizzas
2220.5	3458	select-k-disjoint-special-substrings
2530.6	3459	length-of-longest-v-shaped-diagonal-segment
1189.4	3461	check-if-digits-are-equal-in-string-after-operations-i
1416.1	3462	maximum-sum-with-at-most-k-elements
2286.2	3463	check-if-digits-are-equal-in-string-after-operations-ii
2806.0	3464	maximize-the-distance-between-points-on-a-square
1165.8	3467	transform-array-by-parity
1544.9	3468	find-the-number-of-copy-arrays
2112.0	3469	find-minimum-cost-to-remove-array-elements
2473.7	3470	permutations-iv
1308.2	3471	find-the-largest-almost-missing-integer
1883.8	3472	longest-palindromic-subsequence-after-at-most-k-operations
2274.4	3473	sum-of-k-subarrays-with-length-at-least-m
2605.4	3474	lexicographically-smallest-generated-string
1295.6	3477	fruits-into-baskets-ii
1753.3	3478	choose-k-elements-with-maximum-sum
2178.0	3479	fruits-into-baskets-iii
2763.7	3480	maximize-subarrays-after-removing-one-conflicting-pair
1323.6	3483	unique-3-digit-even-numbers
1523.7	3484	design-spreadsheet
2289.6	3485	longest-common-prefix-of-k-strings-after-removal
2924.5	3486	longest-special-path-ii
1399.3	3487	maximum-unique-subarray-sum-after-deletion
1699.1	3488	closest-equal-element-queries
2068.1	3489	zero-array-transformation-iv
2502.3	3490	count-beautiful-numbers
1140.4	3492	maximum-containers-on-a-ship
1565.0	3493	properties-graph
2042.1	3494	find-the-minimum-amount-of-time-to-brew-potions
2205.6	3495	minimum-operations-to-make-array-elements-zero
1201.3	3498	reverse-degree-of-a-string
1729.2	3499	maximize-active-section-with-trade-i
2569.4	3500	minimum-cost-to-divide-array-into-subarrays
2940.5	3501	maximize-active-section-with-trade-ii
1243.9	3502	minimum-cost-to-reach-every-position
1548.2	3503	longest-palindrome-after-substring-concatenation-i
2397.7	3504	longest-palindrome-after-substring-concatenation-ii
2538.9	3505	minimum-operations-to-make-elements-within-k-subarrays-equal
1348.7	3507	minimum-pair-removal-to-sort-array-i
1851.2	3508	implement-router
2702.7	3509	maximum-product-of-subsequences-with-an-alternating-sum-equal-to-k
2608.0	3510	minimum-pair-removal-to-sort-array-ii
1228.3	3512	minimum-operations-to-make-array-sum-divisible-by-k
1663.4	3513	number-of-unique-xor-triplets-i
1884.0	3514	number-of-unique-xor-triplets-ii
2312.2	3515	shortest-path-in-a-weighted-tree
1164.2	3516	find-closest-person
1357.0	3517	smallest-palindromic-rearrangement-i
2375.1	3518	smallest-palindromic-rearrangement-ii
2246.1	3519	count-numbers-with-non-decreasing-digits
1238.9	3522	calculate-score-after-performing-instructions
1435.4	3523	make-array-non-decreasing
2008.2	3524	find-x-value-of-array-i
2644.6	3525	find-x-value-of-array-ii
1282.2	3527	find-the-most-common-response
1579.8	3528	unit-conversion-i
2105.0	3529	count-cells-in-overlapping-horizontal-and-vertical-substrings
2352.8	3530	maximum-profit-from-valid-topological-order-in-dag
1518.6	3531	count-covered-buildings
1658.6	3532	path-existence-queries-in-a-graph-i
2257.5	3533	concatenated-divisibility
2507.1	3534	path-existence-queries-in-a-graph-ii
1199.2	3536	maximum-product-of-two-digits
1541.5	3537	fill-a-special-grid
2461.4	3538	merge-operations-for-minimum-travel-time
2693.8	3539	find-sum-of-array-product-of-magical-sequences
1238.9	3541	find-most-frequent-vowel-and-consonant
1889.8	3542	minimum-operations-to-convert-all-elements-to-zero
2110.2	3543	maximum-weighted-k-edge-path
2545.0	3544	subtree-inversion-sum
1211.0	3545	minimum-deletions-for-at-most-k-distinct-characters
1411.0	3546	equal-sum-grid-partition-i
2344.0	3547	maximum-sum-of-edge-values-in-a-graph
2245.1	3548	equal-sum-grid-partition-ii
1200.2	3550	smallest-index-with-digit-sum-equal-to-index
1506.7	3551	minimum-swaps-to-sort-by-digit-sum
2036.0	3552	grid-teleportation-traversal
2410.8	3553	minimum-weighted-subgraph-with-the-required-paths-ii
1439.5	3556	sum-of-largest-prime-substrings
1719.9	3557	find-maximum-number-of-non-intersecting-substrings
1845.3	3558	number-of-ways-to-assign-edge-weights-i
2146.2	3559	number-of-ways-to-assign-edge-weights-ii
1339.2	3560	find-minimum-log-transportation-cost
1397.2	3561	resulting-string-after-adjacent-removals
2458.3	3562	maximum-profit-from-trading-stocks-with-discounts
2584.8	3563	lexicographically-smallest-string-after-adjacent-removals
1459.1	3566	partition-array-into-two-equal-product-subsets
1568.3	3567	minimum-absolute-difference-in-sliding-submatrix
2143.0	3568	minimum-moves-to-clean-the-classroom
2697.4	3569	maximize-count-of-distinct-primes-after-split
1319.4	3572	maximize-ysum-by-picking-a-triplet-of-distinct-xvalues
1777.1	3573	best-time-to-buy-and-sell-stock-v
2257.8	3574	maximize-subarray-gcd-score
2359.7	3575	maximum-good-subtree-score
1489.3	3576	transform-array-to-all-equal-elements
1749.7	3577	count-the-number-of-computer-unlocking-permutations
2032.8	3578	count-partitions-with-max-min-difference-at-most-k
2492.7	3579	minimum-steps-to-convert-string-with-operations
1316.6	3582	generate-tag-for-video-caption
1509.7	3583	count-special-triplets
1763.3	3584	maximum-product-of-first-and-last-elements-of-a-subsequence
2428.7	3585	find-weighted-median-node-in-tree
1548.4	3587	minimum-adjacent-swaps-to-alternate-parity
1819.0	3588	find-maximum-area-of-a-triangle
2235.2	3589	count-prime-gap-balanced-subarrays
2645.8	3590	kth-smallest-path-xor-sum
1234.5	3591	check-if-any-element-has-prime-frequency
1700.5	3592	inverse-coin-change
1959.1	3593	minimum-increments-to-equalize-leaf-paths
2604.0	3594	minimum-time-to-transport-all-individuals
1347.3	3597	partition-string
1655.1	3598	longest-common-prefix-between-adjacent-strings-after-removals
1954.5	3599	partition-array-to-minimize-xor
2301.0	3600	maximize-spanning-tree-stability-with-upgrades
1305.3	3602	hexadecimal-and-hexatrigesimal-conversion
1639.1	3603	minimum-cost-path-with-alternating-directions-ii
1844.6	3604	minimum-time-to-reach-destination-in-directed-graph
2410.0	3605	minimum-stability-factor-of-array
1312.4	3606	coupon-code-validator
1699.7	3607	power-grid-maintenance
1892.5	3608	minimum-time-for-k-connected-components
2419.3	3609	minimum-moves-to-reach-target-in-grid
1186.0	3612	process-string-with-special-operations-i
1641.5	3613	minimize-maximum-component-cost
2010.6	3614	process-string-with-special-operations-ii
2463.4	3615	longest-palindromic-path-in-graph
1227.2	3618	split-array-by-prime-indices
1461.2	3619	count-islands-with-total-value-divisible-by-k
1998.0	3620	network-recovery-pathways
2330.6	3621	number-of-integers-with-popcount-depth-equal-to-k-i
1148.9	3622	check-divisibility-by-digit-sum-and-product
1579.8	3623	count-number-of-trapezoids-i
2085.9	3624	number-of-integers-with-popcount-depth-equal-to-k-ii
2643.4	3625	count-number-of-trapezoids-ii
1262.2	3627	maximum-median-sum-of-subsequences-of-size-3
1753.6	3628	maximum-number-of-subsequences-after-one-inserting
2139.3	3629	minimum-jumps-to-reach-end-via-prime-teleportation
2743.9	3630	partition-array-for-maximum-xor-and-and
1342.7	3633	earliest-finish-time-for-land-and-water-rides-i
1453.1	3634	minimum-removals-to-balance-array
1869.6	3635	earliest-finish-time-for-land-and-water-rides-ii
2451.0	3636	threshold-majority-queries
1263.9	3637	trionic-array-i
1463.3	3638	maximum-balanced-shipments
1853.3	3639	minimum-time-to-activate-string
2277.6	3640	trionic-array-ii
1235.0	3643	flip-square-submatrix-vertically
1775.4	3644	maximum-k-to-sort-a-permutation
2018.9	3645	maximum-total-from-optimal-activation-order
2445.0	3646	next-special-palindrome-number
1396.0	3648	minimum-sensors-to-cover-grid
1715.6	3649	number-of-perfect-pairs
1853.7	3650	minimum-cost-path-with-edge-reversals
2411.2	3651	minimum-cost-path-with-teleportations
1556.8	3652	best-time-to-buy-and-sell-stock-using-strategy
1556.3	3653	xor-after-range-multiplication-queries-i
2038.8	3654	minimum-sum-after-divisible-sum-deletions
2453.9	3655	xor-after-range-multiplication-queries-ii
1220.1	3658	gcd-of-odd-and-even-sums
1439.8	3659	partition-array-into-k-distinct-groups
2187.4	3660	jump-game-ix
2525.0	3661	maximum-walls-destroyed-by-robots
1284.4	3663	find-the-least-frequent-digit
2157.9	3664	two-letter-card-game
1883.0	3665	twisted-mirror-path-count
2476.6	3666	minimum-operations-to-equalize-binary-string
1255.2	3668	restore-finishing-order
1917.1	3669	balanced-k-factor-decomposition
2233.8	3670	maximum-product-of-two-integers-with-no-common-bits
2647.1	3671	sum-of-beautiful-subsequences
1369.1	3674	minimum-operations-to-equalize-array
1414.0	3675	minimum-operations-to-transform-string
1847.5	3676	count-bowl-subarrays
2222.8	3677	count-binary-palindromic-numbers
1306.1	3678	smallest-absent-positive-greater-than-average
1638.9	3679	minimum-discards-to-balance-inventory
2377.9	3680	generate-schedule
2026.8	3681	maximum-xor-of-subsequences
1198.8	3683	earliest-time-to-finish-one-task
1298.8	3684	maximize-sum-of-at-most-k-distinct-elements
2073.4	3685	subsequence-sum-after-capping-elements
1969.3	3686	number-of-stable-subsequences
1204.9	3688	bitwise-or-of-even-numbers-in-an-array
1370.7	3689	maximum-total-subarray-value-i
1982.5	3690	split-and-merge-array-transformation
2469.0	3691	maximum-total-subarray-value-ii
1384.4	3692	majority-frequency-characters
1560.3	3693	climbing-stairs-ii
1739.3	3694	distinct-points-reachable-after-substring-removal
1984.2	3695	maximize-alternating-sum-using-swaps
1250.8	3697	compute-decimal-representation
1648.8	3698	split-array-with-minimum-difference
2123.1	3699	number-of-zigzag-arrays-i
2435.1	3700	number-of-zigzag-arrays-ii
1228.3	3701	compute-alternating-sum
1489.5	3702	longest-subsequence-with-non-zero-bitwise-xor
1802.0	3703	remove-k-balanced-substrings
2419.3	3704	count-no-zero-pairs-that-sum-to-n
1262.4	3707	equal-score-substrings
1380.9	3708	longest-fibonacci-subarray
1647.5	3709	design-exam-scores-tracker
2135.1	3710	maximum-partition-factor
1198.7	3712	sum-of-elements-with-frequency-divisible-by-k
1490.2	3713	longest-balanced-substring-i
2201.8	3714	longest-balanced-substring-ii
2235.4	3715	sum-of-perfect-square-ancestors
1227.6	3718	smallest-missing-multiple-of-k
1467.0	3719	longest-balanced-subarray-i
1958.1	3720	lexicographically-smallest-permutation-greater-than-target
2723.5	3721	longest-balanced-subarray-ii
1414.3	3722	lexicographically-smallest-string-after-reverse
1536.6	3723	maximize-sum-of-squares-of-digits
1789.9	3724	minimum-operations-to-transform-array
1981.8	3725	count-ways-to-choose-coprime-integers-from-rows
1175.6	3726	remove-zeros-in-decimal-representation
1454.9	3727	maximum-alternating-sum-of-squares
1908.9	3728	stable-subarrays-with-equal-boundary-and-interior-sum
2248.0	3729	count-distinct-subarrays-divisible-by-k-in-sorted-array
1217.1	3731	find-missing-elements
1529.1	3732	maximum-product-of-three-elements-after-one-replacement
1972.8	3733	minimum-time-to-complete-all-deliveries
2330.0	3734	lexicographically-smallest-palindromic-permutation-greater-than-target
1251.8	3736	minimum-moves-to-equal-array-elements-iii
1422.9	3737	count-subarrays-with-majority-element-i
1811.0	3738	longest-non-decreasing-subarray-after-replacing-at-most-one-element
2089.9	3739	count-subarrays-with-majority-element-ii
1287.9	3740	minimum-distance-between-three-equal-elements-i
1449.8	3741	minimum-distance-between-three-equal-elements-ii
1804.0	3742	maximum-path-score-in-a-grid
3124.5	3743	maximize-cyclic-partition-score
1218.4	3745	maximize-expression-of-three-elements
1326.9	3746	minimum-string-length-after-balanced-removals
1848.2	3747	count-distinct-integers-after-removing-zeros
2209.1	3748	count-stable-subarrays
1288.6	3750	minimum-number-of-flips-to-reverse-binary-string
1404.1	3751	total-waviness-of-numbers-in-range-i
1827.3	3752	lexicographically-smallest-negated-permutation-that-sums-to-target
2296.6	3753	total-waviness-of-numbers-in-range-ii
1247.9	3754	concatenate-non-zero-digits-and-multiply-by-sum-i
1663.4	3755	find-maximum-balanced-xor-subarray-length
1968.5	3756	concatenate-non-zero-digits-and-multiply-by-sum-ii
2519.5	3757	number-of-effective-subsequences
1372.7	3759	count-elements-with-at-least-k-greater-values
1364.1	3760	maximum-substrings-with-distinct-start
1669.0	3761	minimum-absolute-distance-between-mirror-pairs
2497.2	3762	minimum-operations-to-equalize-subarrays
1378.3	3765	complete-prime-number
1656.9	3766	minimum-operations-to-make-binary-palindrome
1703.9	3767	maximize-points-after-choosing-k-tasks
2157.8	3768	minimum-inversion-count-in-subarrays-of-fixed-length
1363.9	3769	sort-integers-by-binary-reflection
1546.6	3770	largest-prime-from-consecutive-prime-sum
1981.4	3771	total-score-of-dungeon-runs
2234.9	3772	maximum-subgraph-score-in-a-tree
1206.2	3774	absolute-difference-between-maximum-and-minimum-k-elements
1392.0	3775	reverse-words-with-same-vowel-count
1739.8	3776	minimum-moves-to-balance-circular-array
2201.7	3777	minimum-deletions-to-make-alternating-substring
1444.2	3779	minimum-number-of-operations-to-have-distinct-elements
1584.7	3780	maximum-sum-of-three-numbers-divisible-by-three
1823.3	3781	maximum-score-after-binary-swaps
2074.3	3782	last-remaining-integer-after-alternating-deletion-operations
1170.8	3783	mirror-distance-of-an-integer
1387.8	3784	minimum-deletion-cost-to-make-all-characters-equal
2051.5	3785	minimum-swaps-to-avoid-forbidden-values
2139.3	3786	total-sum-of-interaction-cost-in-tree-groups
1306.4	3788	maximum-score-of-a-split
1579.7	3789	minimum-cost-to-acquire-required-items
1593.2	3790	smallest-all-ones-multiple
2132.2	3791	number-of-balanced-integers-in-a-range
1229.7	3794	reverse-string-prefix
1504.5	3795	minimum-subarray-length-with-distinct-sum-at-least-k
1832.8	3796	find-maximum-value-in-a-constrained-sequence
2375.6	3797	count-routes-to-climb-a-rectangular-grid
1365.0	3798	largest-even-number
1606.1	3799	word-squares-ii
1841.0	3800	minimum-cost-to-make-two-binary-strings-equal
2398.6	3801	minimum-cost-to-merge-sorted-lists
1248.2	3803	count-residue-prefixes
1393.3	3804	number-of-centered-subarrays
1624.3	3805	count-caesar-cipher-pairs
2259.2	3806	maximum-bitwise-and-after-increment-operations
1358.9	3809	best-reachable-tower
1492.2	3810	minimum-operations-to-reach-target-array
2005.6	3811	number-of-alternating-xor-partitions
2178.6	3812	minimum-edge-toggles-on-a-tree
1216.4	3813	vowel-consonant-score
1796.1	3814	maximum-capacity-within-budget
1853.8	3815	design-auction-system
2376.6	3816	lexicographically-smallest-string-after-deleting-duplicate-characters
1206.1	3818	minimum-prefix-removal-to-make-array-strictly-increasing
1381.4	3819	rotate-non-negative-elements
1725.3	3820	pythagorean-distance-nodes-in-a-tree
2069.2	3821	find-nth-smallest-integer-with-k-one-bits
1250.2	3823	reverse-letters-then-special-characters-in-a-string
1531.0	3824	minimum-k-to-reduce-array-within-limit
1845.8	3825	longest-strictly-increasing-subsequence-with-non-zero-bitwise-and
2345.1	3826	minimum-partition-score
1190.9	3827	count-monobit-integers
1591.2	3828	final-element-after-subarray-deletions
1594.0	3829	design-ride-sharing-system
2162.1	3830	longest-alternating-subarray-after-removing-at-most-one-element
1171.7	3833	count-dominant-indices
1428.6	3834	merge-adjacent-equal-elements
1759.1	3835	count-subarrays-with-cost-less-than-or-equal-to-k
1988.0	3836	maximum-score-using-exactly-k-pairs
1240.6	3838	weighted-word-mapping
1401.8	3839	number-of-prefix-connected-groups
1619.0	3840	house-robber-v
2384.4	3841	palindromic-path-queries-in-a-tree
1161.0	3842	toggle-light-bulbs
1347.2	3843	first-element-with-unique-frequency
1989.6	3844	longest-almost-palindromic-substring
2347.4	3845	maximum-subarray-xor-with-bounded-range
1223.5	3847	find-the-score-difference-in-a-game
1420.0	3848	check-digitorial-permutation
1556.4	3849	maximum-bitwise-xor-after-rearrangement
1964.6	3850	count-sequences-to-k
1287.4	3852	smallest-pair-with-different-frequencies
1472.0	3853	merge-close-characters
2095.5	3854	minimum-operations-to-make-array-parity-alternating
2085.4	3855	sum-of-k-digit-numbers-in-a-range
1139.5	3856	trim-trailing-vowels
1322.4	3857	minimum-cost-to-split-into-ones
1947.4	3858	minimum-bitwise-or-from-grid
2302.3	3859	count-subarrays-with-k-distinct-integers
1154.2	3861	minimum-capacity-box
1697.5	3862	find-the-smallest-balanced-index
1860.0	3863	minimum-operations-to-sort-a-string
2032.5	3864	minimum-cost-to-partition-a-binary-string
1209.4	3866	first-unique-even-element
1406.6	3867	sum-of-gcd-of-formed-pairs
1579.0	3868	minimum-cost-to-equalize-arrays-using-swaps
2254.8	3869	count-fancy-numbers-in-a-range
1149.5	3870	count-commas-in-range
1380.5	3871	count-commas-in-range-ii
2042.0	3872	longest-arithmetic-sequence-after-changing-at-most-one-element
2198.1	3873	maximum-points-activated-with-one-addition
1199.6	3875	construct-uniform-parity-array-i
1443.8	3876	construct-uniform-parity-array-ii
1745.1	3877	minimum-removals-to-achieve-target-xor
2230.1	3878	count-good-subarrays
1257.5	3880	minimum-absolute-difference-between-two-values
1760.8	3881	direction-assignments-with-exactly-k-visible-people
1770.9	3882	minimum-xor-path-in-a-grid
2172.4	3883	count-non-decreasing-arrays-with-given-digit-sums
1161.1	3884	first-matching-character-from-both-ends
1548.0	3885	design-event-manager
1999.3	3886	sum-of-sortable-integers
2128.3	3887	incremental-even-weighted-cycle-queries
1312.2	3889	mirror-frequency-distance
1534.4	3890	integers-with-multiple-sum-of-two-cubes
1952.8	3891	minimum-increase-to-maximize-special-indices
2280.4	3892	minimum-operations-to-achieve-at-least-k-peaks
1223.0	3894	traffic-signal-color
1269.7	3895	count-digit-appearances
1435.3	3896	minimum-operations-to-transform-array-into-alternating-prime
1998.4	3897	maximum-value-of-concatenated-binary-segments
1202.5	3898	find-the-degree-of-each-vertex
1407.1	3899	angles-of-a-triangle
2135.0	3900	longest-balanced-substring-after-one-swap
2544.8	3901	good-subsequence-queries
1234.8	3903	smallest-stable-index-i
1351.7	3904	smallest-stable-index-ii
1671.4	3905	multi-source-flood-fill
2160.3	3906	count-good-integers-on-a-grid-path
1319.3	3908	valid-digit-number
1409.0	3909	compare-sums-of-bitonic-parts
1859.4	3910	count-connected-subgraphs-with-even-node-sum
2155.6	3911	k-th-smallest-remaining-even-integer-in-subarray-queries
1273.3	3912	valid-elements-in-an-array
1524.7	3913	sort-vowels-by-frequency
1662.1	3914	minimum-operations-to-make-array-non-decreasing
2288.0	3915	maximum-sum-of-alternating-subsequence-with-distance-at-least-k
1198.9	3917	count-indices-with-opposite-parity
1301.2	3918	sum-of-primes-between-number-and-its-reverse
1776.8	3919	minimum-cost-to-move-between-indices
2263.6	3920	maximize-fixed-points-after-deletions
1262.7	3921	score-validator
1759.2	3922	minimum-flips-to-make-binary-string-coherent
1883.4	3923	minimum-generations-to-target-point
2079.5	3924	minimum-threshold-path-with-limited-heavy-edges
1176.2	3925	concatenate-array-with-reverse
1608.3	3926	count-valid-word-occurrences
1651.6	3927	minimize-array-sum-using-divisible-replacements
2186.6	3928	minimum-cost-to-buy-apples-ii
1165.9	3931	check-adjacent-digit-differences
1548.9	3932	count-k-th-roots-in-a-range
2052.8	3933	largest-local-values-in-a-matrix-ii
2162.5	3934	smallest-unique-subarray
1346.1	3936	minimum-swaps-to-move-zeros-to-end
1626.2	3937	minimum-operations-to-make-array-modulo-alternating-i
2251.9	3938	maximum-path-intersection-sum-in-a-grid
2354.0	3939	count-non-adjacent-subsets-in-a-rooted-tree
1201.9	3940	limit-occurrences-in-sorted-array
1284.3	3941	password-strength
1854.9	3942	minimum-operations-to-sort-a-permutation
2409.9	3943	number-of-pairs-after-increment
1201.2	3945	digit-frequency-score
1728.0	3946	maximum-number-of-items-from-sale-i
2215.5	3947	maximum-number-of-items-from-sale-ii
2122.2	3948	lexicographically-maximum-mex-array
1270.4	3950	exactly-one-consecutive-set-bits-pair
1529.9	3951	minimum-energy-to-maintain-brightness
1762.5	3952	maximum-total-value-of-covered-indices
2390.2	3953	maximum-score-with-co-prime-element
1210.3	3954	sum-of-compatible-numbers-in-range-i
1429.0	3955	valid-binary-strings-with-cost-limit
2060.7	3956	maximum-sum-of-m-non-overlapping-subarrays-i
2611.4	3957	maximum-sum-of-m-non-overlapping-subarrays-ii
1183.0	3959	check-good-integer
1737.2	3960	frequency-balance-subarray
1879.8	3961	maximize-sum-of-device-ratings
2672.4	3962	maximum-subarray-sum-after-at-most-k-swaps
1310.8	3963	create-grid-with-exactly-one-path
1572.4	3964	minimum-lights-to-illuminate-a-road
1698.8	3965	finish-time-of-tasks-i
2006.1	3966	count-good-integers-in-a-range
1278.7	3968	maximum-manhattan-distance-after-all-moves
1397.1	3969	valid-subarrays-with-matching-sum-digits-i
1840.2	3970	shortest-path-with-at-most-k-consecutive-identical-characters
2194.8	3971	maximum-total-value
1262.9	3974	maximum-total-sum-of-k-selected-elements
1533.2	3975	filter-occupied-intervals
1981.0	3976	maximum-subarray-sum-after-multiplier
2103.0	3977	minimum-time-to-reach-target-with-limited-power
1180.4	3978	unique-middle-element
1328.0	3979	maximum-valid-pair-sum
1845.7	3980	minimum-operations-to-transform-binary-string
2128.4	3981	count-distinct-ways-to-form-target-from-two-strings
1200.3	3982	sum-of-integers-with-maximum-digit-range
1754.7	3983	subsequence-after-one-replacement
1944.5	3984	divisible-game
2202.0	3985	palindromic-subarray-sum
1205.3	3986	number-of-elapsed-seconds-between-two-times
1549.6	3987	minimum-total-cost-to-process-all-elements
2054.7	3988	create-grid-with-exactly-k-paths-i
2013.6	3989	maximum-consistent-columns-in-a-grid
1251.3	3992	rearrange-string-to-avoid-character-pair
1452.2	3993	maximum-value-of-an-alternating-sequence
1704.9	3994	minimum-adjacent-swaps-to-partition-array
2100.7	3995	minimum-cost-to-convert-string-iii
1260.2	3996	even-number-of-knight-moves
1426.6	3997	count-dominant-nodes-in-a-binary-tree
1862.4	3998	transform-binary-string-using-subsequence-sort
2162.0	3999	minimum-number-of-string-groups-through-transformations
1199.6	4000	largest-integer-with-given-digit-sum
1506.3	4001	aggregate-two-time-series
1912.3	4002	count-valid-sequences
2122.9	4003	minimum-cost-path-with-alternating-directions-iii
1243.0	4006	count-valid-prefixes
1908.4	4007	widest-possible-fence
1776.5	4008	minimum-initial-strength-to-defeat-all-monsters
2498.9	4009	minimum-possible-maximum-waiting-time
1216.4	4010	maximize-pair-strength-using-gcd
1391.8	4011	count-subarrays-with-even-odd-ratio-i
1735.7	4012	count-of-unfinished-tasks-after-each-shift
2155.6	4013	count-subarrays-with-even-odd-ratio-ii
1192.1	4014	minimum-total-price-after-applying-discounts
1534.2	4015	weighted-sum-of-a-tree
1958.7	4016	maximum-area-of-two-non-overlapping-square-submatrices
2515.8	4017	peaks-in-array-ii
1187.4	4020	elevator-requests-i
1517.8	4021	minimum-operations-to-make-a-rotated-palindrome-i
1915.0	4022	k-th-digit-in-infinite-string
2279.9	4023	elevator-requests-ii
1184.5	4024	nearest-available-drone
1456.7	4025	minimize-the-maximum-waiting-time-at-synchronized-traffic-lights
1675.2	4026	maximum-gap-between-stations
2200.9	4027	elevator-requests-iii
1165.1	4030	check-ascii-palindromic
1416.6	4031	find-all-numbers-disappeared-in-an-array-ii
1758.7	4032	longest-subarray-with-at-most-k-distinct-prime-factors
2314.4	4033	valid-k-unique-subarrays-i
